,docid,match,string,start,end
0,2,costa,costa,62,63
1,52,costa,costa,1030,1031
2,55,costa,costa,1004,1005
3,82,costa,costa,269,270
4,85,juan,juan,11,12
5,85,"juan
",juan,11,12
6,85,juan de,juan de,11,13
7,85,señor prouisor,señor prouisor,23,25
8,85,juan de la,juan de la,11,14
9,85,juan de la palma,juan de la palma,11,15
10,88,costa,costa,127,128
11,93,roque,roque,48,49
12,95,ana,ana,55,56
13,100,juan,juan,86,87
14,100,"juan
",juan,86,87
15,100,maria,maria,82,83
16,100,juan de,juan de,86,88
17,101,ortega,ortega,150,151
18,101,roque,roque,261,262
19,101,costa,costa,201,202
20,116,corral,corral,38,39
21,116,costa,costa,780,781
22,134,costa,costa,697,698
23,137,corral,corral,14,15
24,138,corral,corral,11,12
25,152,costa,costa,204,205
26,153,juan,juan,243,244
27,153,"juan
",juan,243,244
28,153,francisco,francisco,300,301
29,153,domingo,domingo,296,297
30,153,costa,costa,109,110
31,158,costa,costa,928,929
32,185,ana,ana,35,36
33,194,pablo,pablo,311,312
34,201,costa,costa,723,724
35,202,costa,costa,818,819
36,218,juan,juan,132,133
37,218,"juan
",juan,132,133
38,221,graviel,graviel,236,237
39,225,costa,costa,682,683
40,230,joseph,Joseph,216,217
41,230,costa,costa,237,238
42,231,bernardo,Bernardo,39,40
43,234,josepha,josepha,21,22
44,234,theresa,theresa,20,21
45,237,costa,costa,377,378
46,242,juan,Juan,193,194
47,242,"juan
",Juan,193,194
48,242,juan baptista,Juan Baptista,193,195
49,242,costa,costa,212,213
50,244,ana,ana,184,185
51,244,joseph,Joseph,207,208
52,247,costa,costa,75,76
53,250,antonio,antonio,43,44
54,251,costa,costa,265,266
55,254,pedro,pedro,88,89
56,260,costa,costa,132,133
57,266,theresa,theresa,126,127
58,266,joseph,Joseph,99,100
59,270,costa,costa,175,176
60,272,bernardino,Bernardino,422,423
61,272,costa,costa,197,198
62,274,costa,costa,208,209
63,276,costa,costa,140,141
64,278,phelipe,Phelipe,32,33
65,280,costa,costa,103,104
66,281,costa,costa,291,292
67,286,lorenzo,lorenzo,18,19
68,287,antonio,antonio,22,23
69,287,francisco,Francisco,97,98
70,287,lorenzo,lorenzo,15,16
71,287,joseph,Joseph,167,168
72,288,marco,marco,148,149
73,288,costa,costa,146,147
74,289,rufina,rufina,84,85
75,293,costa,costa,116,117
76,294,señor prouisor,señor prouisor,142,144
77,299,ana,ana,77,78
78,300,señor prouisor,señor prouisor,52,54
79,301,costa,costa,221,222
80,302,antonio,antonio,60,61
81,302,miguel,miguel,254,255
82,302,diego,Diego,261,262
83,302,costa,costa,136,137
84,303,antonio,antonio,41,42
85,303,francisco,Francisco,66,67
86,303,miguel,miguel,107,108
87,303,francisco de,Francisco de,66,68
88,304,juan,Juan,61,62
89,304,"juan
",Juan,61,62
90,304,juan de,Juan de,131,133
91,304,juan bautista,Juan Bautista,61,63
92,304,bautista,Bautista,62,63
93,305,xpoual,xpoual,109,110
94,310,antonio,antonio,96,97
95,310,teresa,teresa,98,99
96,310,andres,andres,79,80
97,310,marco,marco,108,109
98,310,joseph,joseph,77,78
99,310,costa,costa,189,190
100,313,diego de alcala,Diego de Alcala,116,119
101,313,antonio,antonio,138,139
102,313,vicente,vicente,147,148
103,313,ana,ana,189,190
104,313,diego,Diego,116,117
105,313,diego de,Diego de,116,118
106,313,joseph,Joseph,112,113
107,325,pablo,pablo,173,174
108,325,joseph,Joseph,170,171
109,326,bernardo,Bernardo,99,100
110,326,antonio,antonio,166,167
111,327,costa,costa,168,169
112,328,miguel,miguel,129,130
113,328,fernando,fernando,83,84
114,329,costa,costa,201,202
115,330,costa,costa,192,193
116,333,costa,costa,119,120
117,335,phelipe,phelipe,128,129
118,335,phelipe del castillo,phelipe del castillo,128,131
119,336,costa,costa,139,140
120,338,costa,costa,265,266
121,347,francisco,Francisco,31,32
122,348,francisco,francisco,32,33
123,359,juan,Juan,182,183
124,359,"juan
",Juan,182,183
125,359,juan de,Juan de,182,184
126,359,juan de la,Juan de la,182,185
127,359,juan de la palma,Juan de la Palma,182,186
128,359,bautista,Bautista,246,247
129,359,costa,costa,883,884
130,360,juan,Juan,14,15
131,360,"juan
",Juan,14,15
132,360,juan de,Juan de,14,16
133,360,juan de la,Juan de la,14,17
134,360,juan de la palma,Juan de la Palma,14,18
135,362,francisco,francisco,54,55
136,365,gabriel,Gabriel,137,138
137,365,francisco,Francisco,178,179
138,365,domingo,Domingo,180,181
139,365,miguel,Miguel,149,150
140,366,joseph,Joseph,284,285
141,373,lorenzo,Lorenzo,5,6
142,383,juan,Juan,664,665
143,383,"juan
",Juan,664,665
144,383,costa,costa,90,91
145,384,juan,Juan,353,354
146,384,"juan
",Juan,353,354
147,384,juan bautista,Juan Bautista,353,355
148,384,antonio,antonio,296,297
149,384,bautista,Bautista,354,355
150,419,cristobal,Cristobal,19,20
151,423,rodriguez,Rodriguez,7,8
152,523,costa,costa,1576,1577
153,552,costa,costa,66,67
154,590,juan,Juan,13,14
155,590,"juan
",Juan,13,14
156,592,domingo,domingo,46,47
157,592,costa,costa,485,486
158,659,costa,costa,344,345
159,660,juan,juan,52,53
160,660,"juan
",juan,52,53
161,660,juan baptista,juan baptista,52,54
162,673,pablo,pablo,995,996
163,673,costa,costa,705,706
164,678,isabel,isabel,433,434
165,678,pedro,Pedro,389,390
166,679,costa,costa,62,63
167,688,costa,costa,91,92
168,705,juan,Juan,112,113
169,705,"juan
",Juan,112,113
170,705,juan bautista,Juan bautista,112,114
171,705,bautista,bautista,113,114
172,714,juan,Juan,157,158
173,714,"juan
",Juan,157,158
174,714,juan baptista,Juan baptista,157,159
175,726,juan,Juan,86,87
176,726,"juan
",Juan,86,87
177,734,costa,costa,223,224
178,735,domingo,domingo,58,59
179,735,costa,costa,100,101
180,754,costa,costa,42,43
181,772,sebastian,Sebastian,1005,1006
182,772,pablo,pablo,881,882
183,772,pedro,pedro,875,876
184,772,antonio,antonio,1011,1012
185,772,costa,costa,1571,1572
186,773,catalina,catalina,206,207
187,783,domingo,domingo,99,100
188,783,costa,costa,109,110
189,786,costa,costa,75,76
190,796,costa,costa,160,161
191,797,costa,costa,116,117
192,798,favian de umanes,favian de umanes,25,28
193,870,juan,juan,311,312
194,870,"juan
",juan,311,312
195,870,marco caña,marco caña,78,80
196,870,marco,marco,78,79
197,870,costa,costa,705,706
198,892,marcos,marcos,720,721
199,893,marques de tarifa,marques de tarifa,26,29
200,896,pedro,pedro,66,67
201,897,costa,costa,107,108
202,898,pedro,pedro,188,189
203,900,alfian,Alfian,163,164
204,900,rodriguez,Rodriguez,166,167
205,900,costa,costa,112,113
206,903,señor prouisor,señor prouisor,133,135
207,903,costa,costa,121,122
208,906,juan,juan,699,700
209,906,"juan
",juan,699,700
210,906,juan de,juan de,699,701
211,916,marques de tarifa,marques de tarifa,2,5
212,918,francisco,francisco,345,346
213,918,costa,costa,1030,1031
214,920,sebastian,Sebastian,403,404
215,920,anton,anton,401,402
216,920,costa,costa,1091,1092
217,921,rufina,rufina,287,288
218,921,nufro,nufro,221,222
219,921,benito,benito,231,232
220,921,andres,andres,201,202
221,923,señor prouisor,señor prouisor,23,25
222,928,bartolome,bartolome,55,56
223,932,juan,juan,220,221
224,932,"juan
",juan,220,221
225,932,pedro,pedro,225,226
226,932,vasco perea,vasco perea,490,492
227,932,bartolome,bartolome,232,233
228,932, vasco perea, vasco perea,489,492
229,933,juan,juan,134,135
230,933,"juan
",juan,134,135
231,933,pedro,pedro,175,176
232,934,costa,costa,886,887
233,949,hernan ruyz,hernan ruyz,620,622
234,949,costa,costa,1177,1178
235,952,rodrigo,rodrigo,103,104
236,952,costa,costa,281,282
237,953,francisco,francisco,242,243
238,962,costa,costa,1570,1571
239,969,hernan ruys,hernan ruys,100,102
240,969,pedro,pedro,549,550
241,975,hernan ruyz,hernan ruyz,179,181
242,975,corral,corral,1074,1075
243,975,costa,costa,1146,1147
244,978,pablo,pablo,83,84
245,989,costa,costa,413,414
246,992,costa,costa,351,352
247,998,maria,maria,73,74
248,1006,bautista,bautista,188,189
249,1007,juan,juan,147,148
250,1007,"juan
",juan,147,148
251,1007,juan batista,juan batista,147,149
252,1009,juan,juan,85,86
253,1009,"juan
",juan,85,86
254,1009,juan bautista,juan bautista,85,87
255,1009,pedro,pedro,234,235
256,1009,francisco,francisco,112,113
257,1009,domingo,domingo,297,298
258,1009,bautista,bautista,86,87
259,1012,grauiel del valle,grauiel del valle,38,41
260,1014,martin robles,Martin Robles,3119,3121
261,1014,fernando martin,Fernando Martin,3118,3120
262,1014,fernando,Fernando,3118,3119
263,1014,martin,Martin,3119,3120
264,1014,grabiel del valle,grabiel del valle,3212,3215
265,1014,fernando martin robles,Fernando Martin Robles,3118,3121
266,1014,costa,costa,52,53
267,1015,costa,costa,121,122
268,1016,costa,costa,38,39
269,1022,grabiel del balle,grabiel del balle,383,386
270,1022,costa,costa,21,22
271,1023,costa,costa,22,23
272,1027,baltasar de riuera,baltasar de riuera,2,5
273,1027,costa,costa,126,127
274,1028,costa,costa,174,175
275,1029,costa,costa,187,188
276,1032,phelipe,phelipe,112,113
277,1032,anton,anton,337,338
278,1033,costa,costa,40,41
279,1035,francisco,Francisco,67,68
280,1035,francisco de,Francisco de,67,69
281,1035,costa,costa,342,343
282,1037,costa,costa,116,117
283,1038,medina,medina,138,139
284,1044,costa,costa,825,826
285,1049,domingo,Domingo,16,17
286,1049,costa,costa,730,731
287,1053,juan de dios,juan de dios,34,37
288,1053,juan,juan,34,35
289,1053,"juan
",juan,34,35
290,1053,juan de,juan de,34,36
291,1053,costa,costa,58,59
292,1066,placido pacheco,placido pacheco,1188,1190
293,1066,pacheco,pacheco,1189,1190
294,1066,costa,costa,498,499
295,1072,señor prouisor,señor prouisor,26,28
296,1073,costa,costa,245,246
297,1078,costa,costa,81,82
298,1084,francisco,francisco,22,23
299,1084,diego,diego,48,49
300,1091,costa,costa,95,96
301,1093,juan,juan,190,191
302,1093,"juan
",juan,190,191
303,1093,juan bauptista,juan bauptista,190,192
304,1093,costa,costa,63,64
305,1095,costa,costa,51,52
306,1096,antonio,Antonio,43,44
307,1100,franco,franco,1,2
308,1105,ysabel,ysabel,25,26
309,1111,costa,costa,27,28
310,1121,legott,Legott,35,36
311,1126,domingo,domingo,84,85
312,1138,francisco,Francisco,11,12
313,1163,costa,costa,233,234
314,1175,marcos,marcos,28,29
315,1180,marcos,marcos,48,49
316,1191,costa,costa,191,192
317,1192,juan,juan,5996,5997
318,1192,"juan
",juan,5996,5997
319,1192,espejo,espejo,390,391
320,1192,costa,costa,462,463
321,1197,juan,Juan,47,48
322,1197,"juan
",Juan,47,48
323,1199,diaz,diaz,1990,1991
324,1199,costa,costa,696,697
325,1200,francisco,francisco,243,244
326,1200,rubricado)-francisco del carpio,rubricado)-francisco del carpio,2816,2819
327,1201,vargas,Vargas,841,842
328,1201,rubricado)-francisco de vargas,rubricado)-Francisco de Vargas,839,842
329,1206,juan,juan,499,500
330,1206,"juan
",juan,499,500
331,1206,pablo,pablo,1846,1847
332,1206,juan de,juan de,1675,1677
333,1206,pedro,pedro,1739,1740
334,1206,catalina,catalina,1532,1533
335,1206,francisco,francisco,1541,1542
336,1206,luis,luis,2261,2262
337,1206,felipe,felipe,2783,2784
338,1206,espejo,espejo,515,516
339,1206,francisca,francisca,2277,2278
340,1206,joseph,joseph,1662,1663
341,1207,costa,costa,529,530
342,1212,geronima,geronima,172,173
343,1212,diaz,diaz,1622,1623
344,1215,costa,costa,284,285
345,1216,maria,maria,1659,1660
346,1216,marco,marco,1056,1057
347,1216,costa,costa,1719,1720
348,1218,martin,martin,424,425
349,1225,diaz,diaz,178,179
350,1227,felis de obiedo,felis de obiedo,620,623
351,1227,de obiedo,de obiedo,621,623
352,1228,catalina,catalina,110,111
353,1228,lorenzo,lorenzo,93,94
354,1229,luys de peña,luys de peña,892,895
355,1231,costa,costa,95,96
356,1232,ana,ana,50,51
357,1234,maria,maria,253,254
358,1237,francisco,francisco,39,40
359,1238,costa,costa,243,244
360,1239,costa,costa,724,725
361,1294,juan,juan,625,626
362,1294,"juan
",juan,625,626
363,1294,frutos de villacastin,frutos de villacastin,138,141
364,1294,costa,costa,883,884
365,1296,pablo,pablo,509,510
366,1296,pedro,pedro,503,504
367,1303,lorenzo,lorenzo,599,600
368,1315,costa,costa,333,334
369,1319,juan,juan,677,678
370,1319,"juan
",juan,677,678
371,1319,costa,costa,1067,1068
372,1323,costa,costa,398,399
373,1328,costa,costa,1009,1010
374,1332,sebastian,Sebastian,655,656
375,1332,antonio,antonio,661,662
376,1332,señor prouisor,señor prouisor,98,100
377,1332,costa,costa,1014,1015
378,1334,pedro,Pedro,49,50
379,1335,pablo,Pablo,39,40
380,1335,pedro,Pedro,36,37
381,1336,costa,costa,127,128
382,1340,juan,juan,113,114
383,1340,"juan
",juan,113,114
384,1340,miguel,miguel,7,8
385,1340,costa,costa,776,777
386,1342,costa,costa,375,376
387,1344,domingo,domingo,157,158
388,1346,sebastian,Sebastian,101,102
389,1347,pablo,pablo,129,130
390,1347,pedro,pedro,120,121
391,1347,costa,costa,223,224
392,1352,joseph,joseph,45,46
393,1355,bernardino,bernardino,886,887
394,1355,maria,Maria,1320,1321
395,1355,antonio,antonio,743,744
396,1355,francisco,francisco,157,158
397,1355,luis,luis,549,550
398,1355,diego,diego,746,747
399,1355,montañes,montañes,2254,2255
400,1355,costa,costa,1238,1239
401,1356,señor prouisor,señor prouisor,140,142
402,1357,maria,maria,30,31
403,1359,marco,marco,124,125
404,1366,pablo,pablo,282,283
405,1366,pedro,pedro,279,280
406,1366,señor prouisor,señor prouisor,263,265
407,1366,costa,costa,329,330
408,1367,señor prouisor,señor prouisor,99,101
409,1367,costa,costa,413,414
410,1369,domingo,domingo,65,66
411,1373,pablo,pablo,494,495
412,1373,pedro,pedro,489,490
413,1373,señor prouisor,señor prouisor,194,196
414,1373,costa,costa,788,789
415,1381,costa,costa,262,263
416,1384,joseph,joseph,94,95
417,1385,juan,juan,424,425
418,1385,"juan
",juan,424,425
419,1385,bernardo,bernardo,215,216
420,1385,fernando,fernando,340,341
421,1390,maria,maria,12,13
422,1390,costa,costa,1133,1134
423,1393,pablo,pablo,337,338
424,1393,pedro,pedro,39,40
425,1397,antonio,antonio,84,85
426,1400,phelipe,phelipe,7,8
427,1400,phelipe de ribas,phelipe de ribas,7,10
428,1400,costa,costa,66,67
429,1405,juan,juan,64,65
430,1405,"juan
",juan,64,65
431,1405,juan bautista,juan bautista,64,66
432,1405,bautista,bautista,65,66
433,1406,maria,maria,214,215
434,1406,teresa,teresa,86,87
435,1409,costa,costa,203,204
436,1414,ana,ana,42,43
437,1417,costa,costa,93,94
438,1421,costa,costa,247,248
439,1422,diego,diego,107,108
440,1422,diego de,diego de,107,109
441,1423,marcos,marcos,244,245
442,1425,juan,juan,105,106
443,1425,"juan
",juan,105,106
444,1425,maria,maria,76,77
445,1425,juan batista,juan batista,105,107
446,1425,ines,ines,523,524
447,1425,pedro,pedro,518,519
448,1425,costa,costa,784,785
449,1426,costa,costa,472,473
450,1429,juan,juan,105,106
451,1429,"juan
",juan,105,106
452,1429,juan bautista,juan bautista,105,107
453,1429,bautista,bautista,106,107
454,1430,ana,ana,30,31
455,1431,isabel,Isabel,845,846
456,1437,margarita,margarita,68,69
457,1438,isabel,Isabel,1600,1601
458,1438,maria,maria,1535,1536
459,1438,phelipe,phelipe,1116,1117
460,1438,carlos,carlos,932,933
461,1438,catalina,catalina,1635,1636
462,1438,alfonso,alfonso,1462,1463
463,1438,luis,luis,1232,1233
464,1438,ana,ana,1568,1569
465,1438,fernando,fernando,1664,1665
466,1438,margarita,Margarita,11,12
467,1438,costa,costa,1324,1325
468,1439,martin,martin,763,764
469,1440,pablo,pablo,143,144
470,1440,pedro,pedro,140,141
471,1442,domingo,domingo,124,125
472,1444,señor prouisor,señor prouisor,58,60
473,1445,joseph,joseph,65,66
474,1450,costa,costa,95,96
475,1453,costa,costa,88,89
476,1455,costa,costa,225,226
477,1456,juan,juan,73,74
478,1456,"juan
",juan,73,74
479,1458,costa,costa,157,158
480,1466,bernabe de baeza,bernabe de baeza,877,880
481,1466,miguell,miguell,695,696
482,1473,juan,juan,114,115
483,1473,"juan
",juan,114,115
484,1473,juan bautista,juan bautista,114,116
485,1473,miguel,miguel,145,146
486,1473,bautista,bautista,115,116
487,1474,pedro,pedro,132,133
488,1477,diego,diego,62,63
489,1477,diego de,diego de,62,64
490,1479,antonio,antonio,63,64
491,1486,pedro,pedro,732,733
492,1486,hartolome de la puerta,hartolome de la puerta,185,189
493,1486,joan,joan,804,805
494,1486,joan bautista,joan bautista,804,806
495,1486,bautista,bautista,805,806
496,1486,francisca,francisca,750,751
497,1486,costa,costa,1024,1025
498,1487,costa,costa,50,51
499,1488,juan,juan,412,413
500,1488,"juan
",juan,412,413
501,1488,maria,maria,344,345
502,1488,catalina de sena,catalina de sena,393,396
503,1488,pedro,pedro,383,384
504,1488,catalina,catalina,348,349
505,1488,tomas de aquino,tomas de aquino,367,370
506,1488,maria madalena,maria madalena,344,346
507,1488,domingo,domingo,364,365
508,1488,andres,andres,386,387
509,1489,costa,costa,162,163
510,1491,costa,costa,99,100
511,1492,juan,juan,181,182
512,1492,"juan
",juan,181,182
513,1492,juan bautista,juan bautista,181,183
514,1492,francisco,francisco,603,604
515,1492,ysabel,ysabel,171,172
516,1492,bautista,bautista,182,183
517,1492,cano,cano,1006,1007
518,1495,francisco,francisco,138,139
519,1495,tomas de aquino,tomas de aquino,212,215
520,1497,teresa,Teresa,637,638
521,1497,marco,marco,956,957
522,1497,costa,costa,1649,1650
523,1500,pedro,pedro,386,387
524,1506,señor prouisor,señor prouisor,20,22
525,1513,maria,maria,147,148
526,1513,francisco,francisco,173,174
527,1513,josefe,josefe,178,179
528,1513,maria madalena,maria madalena,147,149
529,1514,costa,costa,178,179
530,1515,pedro,pedro,82,83
531,1515,costa,costa,69,70
532,1516,marcos,marcos,77,78
533,1518,costa,costa,225,226
534,1521,juan,juan,148,149
535,1521,"juan
",juan,148,149
536,1521,juan bautista,juan bautista,153,155
537,1521,miguel,miguel,144,145
538,1521,bautista,bautista,154,155
539,1523,juan,juan,406,407
540,1523,"juan
",juan,406,407
541,1523,maria,maria,86,87
542,1523,pedro,pedro,414,415
543,1523,costa,costa,474,475
544,1527,francisco,francisco,192,193
545,1530,niculas,niculas,258,259
546,1533,costa,costa,141,142
547,1547,fernandez,fernandez,47,48
548,1593,costa,costa,758,759
549,1601,beatriz,beatriz,70,71
550,1619,francisca,Francisca,14,15
551,1635,maria,maria,131,132
552,1645,costa,costa,52,53
553,1648,juan,juan,382,383
554,1648,"juan
",juan,382,383
555,1648,juan baptista,juan baptista,382,384
556,1649,costa,costa,43,44
557,1650,costa,costa,436,437
558,1651,marco,marco,335,336
559,1651,costa,costa,814,815
560,1656,teresa,Teresa,23,24
561,1663,francisco,francisco,53,54
562,1663,francisco de paula,francisco de paula,53,56
563,1663,francisco de,francisco de,53,55
564,1663,costa,costa,187,188
565,1664,juan,juan,288,289
566,1664,"juan
",juan,288,289
567,1664,juan de,juan de,288,290
568,1664,pedro,pedro,412,413
569,1664,francisco,francisco,455,456
570,1664,andres,andres,415,416
571,1665,costa,costa,179,180
572,1665,niculas,niculas,47,48
573,1666,costa,costa,221,222
574,1667,francisco,francisco,63,64
575,1672,juan,juan,974,975
576,1672,"juan
",juan,974,975
577,1672,maria,maria,976,977
578,1672,costa,costa,592,593
579,1674,teresa,teresa,47,48
580,1676,juan,juan,55,56
581,1676,"juan
",juan,55,56
582,1676,juan bautista,juan bautista,55,57
583,1676,bautista,bautista,56,57
584,1676,costa,costa,86,87
585,1677,antonio,antonio,42,43
586,1679,catalina,catalina,91,92
587,1680,ana,ana,55,56
588,1680,costa,costa,263,264
589,1682,costa,costa,72,73
590,1683,pedro,pedro,66,67
591,1684,señor prouisor,señor prouisor,151,153
592,1685,miguel,Miguel,9,10
593,1692,pedro,pedro,171,172
594,1692,antonio,antonio,145,146
595,1692,bartolome,bartolome,185,186
596,1692,costa,costa,271,272
597,1695,señor prouisor,señor prouisor,192,194
598,1695,miguel,miguel,224,225
599,1695,joan,joan,1872,1873
600,1695,costa,costa,1255,1256
601,1696,pablo,pablo,141,142
602,1696,francisco,Francisco,57,58
603,1698,josephe de arze,josephe de arze,15,18
604,1698,juan,Juan,795,796
605,1698,"juan
",Juan,795,796
606,1698,antonio,antonio,875,876
607,1698,francisco,francisco,986,987
608,1698,domingo,domingo,300,301
609,1698,francisco de,francisco de,986,988
610,1699,pedro,pedro,365,366
611,1702,antonio,antonio,83,84
612,1703,juan,juan,97,98
613,1703,"juan
",juan,97,98
614,1704,lorenzo,lorenzo,37,38
615,1711,albornos,albornos,66,67
616,1714,juan,juan,123,124
617,1714,"juan
",juan,123,124
618,1714,costa,costa,266,267
619,1715,costa,costa,282,283
620,1718,costa,costa,498,499
621,1720,costa,costa,67,68
622,1724,costa,costa,137,138
623,1725,costa,costa,155,156
624,1726,costa,costa,258,259
625,1727,costa,costa,148,149
626,1728,costa,costa,53,54
627,1731,costa,costa,213,214
628,1736,juan de dios,Juan de dios,99,102
629,1736,juan,Juan,99,100
630,1736,"juan
",Juan,99,100
631,1736,juan de,Juan de,99,101
632,1736,andres,andres,71,72
633,1737,costa,costa,412,413
634,1738,costa,costa,59,60
635,1740,domingo,domingo,747,748
636,1740,ana,ana,896,897
637,1740,costa,costa,173,174
638,1741,costa,costa,244,245
639,1743,costa,costa,164,165
640,1745,costa,costa,83,84
641,1747,joseph,Joseph,120,121
642,1747,costa,costa,215,216
643,1755,pedro,pedro,614,615
644,1755,pedro criste,pedro criste,614,616
645,1756,costa,costa,401,402
646,1757,alfonso,alfonso,161,162
647,1757,domingo,domingo,197,198
648,1758,costa,costa,647,648
649,1763,roque,roque,141,142
650,1763,costa,costa,234,235
651,1764,francisco,francisco,85,86
652,1764,francisco de,francisco de,85,87
653,1764,savastian,savastian,262,263
654,1764,costa,costa,437,438
655,1765,costa,costa,78,79
656,1766,juan,Juan,380,381
657,1766,"juan
",Juan,380,381
658,1766,barreda,barreda,136,137
659,1766,costa,costa,704,705
660,1768,ana,ana,101,102
661,1768,costa,costa,355,356
662,1769,juan,Juan,134,135
663,1769,"juan
",Juan,134,135
664,1769,juan baptista,Juan baptista,134,136
665,1773,josefe,Josefe,62,63
666,1786,bernardo,Bernardo,125,126
667,1788,joseph,Joseph,42,43
668,1788,costa,costa,107,108
669,1791,pedro,Pedro,61,62
670,1792,costa,costa,127,128
671,1797,alonso,Alonso,30,31
672,1797,alonso esijano,Alonso esijano,30,32
673,1797,costa,costa,155,156
674,1804,benito,Benito,62,63
675,1805,rufina,rufina,65,66
676,1805,juan,Juan,560,561
677,1805,"juan
",Juan,560,561
678,1805,mariana,mariana,52,53
679,1805,mariana fagardo,mariana fagardo,52,54
680,1805,rufina de,rufina de,65,67
681,1805,costa,costa,204,205
682,1806,juan,Juan,76,77
683,1806,"juan
",Juan,76,77
684,1815,carlos,carlos,78,79
685,1816,martin,martin,895,896
686,1819,costa,costa,122,123
687,1821,costa,costa,47,48
688,1822,domingo de lazaro,Domingo de lazaro,187,190
689,1822,domingo,Domingo,187,188
690,1822,costa,costa,83,84
691,1823,costa,costa,37,38
692,1824,costa,costa,161,162
693,1825,costa,costa,125,126
694,1826,costa,costa,340,341
695,1828,juan,Juan,65,66
696,1828,"juan
",Juan,65,66
697,1828,maria,maria,690,691
698,1828,juan baptista,Juan baptista,65,67
699,1828,bernardo,bernardo,696,697
700,1829,rufina,rufina,57,58
701,1829,juan,Juan,49,50
702,1829,"juan
",Juan,49,50
703,1830,juan de dios,Juan de dios,45,48
704,1830,juan,Juan,45,46
705,1830,"juan
",Juan,45,46
706,1830,juan de,Juan de,45,47
707,1831,costa,costa,62,63
708,1833,juan,juan,84,85
709,1833,"juan
",juan,84,85
710,1833,juan bautista,juan bautista,84,86
711,1833,bautista,bautista,85,86
712,1833,costa,costa,219,220
713,1834,juan,juan,117,118
714,1834,"juan
",juan,117,118
715,1834,costa,costa,91,92
716,1836,bartolome,bartolome,28,29
717,1839,costa,costa,151,152
718,1841,bartolome,bartolome,238,239
719,1841,bartolome pinto,bartolome pinto,238,240
720,1845,clemente de la calcada,clemente de la calcada,830,834
721,1847,costa,costa,206,207
722,1848,juan,Juan,79,80
723,1848,"juan
",Juan,79,80
724,1848,maria,maria,119,120
725,1848,juan bautista,Juan bautista,79,81
726,1848,bautista,bautista,80,81
727,1849,felipe,felipe,102,103
728,1849,costa,costa,1011,1012
729,1851,costa,costa,236,237
730,1853,juan,juan,278,279
731,1853,"juan
",juan,278,279
732,1853,francisco,francisco,37,38
733,1853,francisco de,francisco de,94,96
734,1853,costa,costa,325,326
735,1854,maria,maria,225,226
736,1856,costa,costa,183,184
737,1857,costa,costa,129,130
738,1861,niculas,niculas,66,67
739,1863,costa,costa,265,266
740,1864,costa,costa,106,107
741,1866,antonio,antonio,54,55
742,1866,domingo,domingo,278,279
743,1867,pablo,pablo,269,270
744,1867,pedro,pedro,267,268
745,1867,ana,ana,93,94
746,1868,diego,diego,47,48
747,1868,diego de,diego de,47,49
748,1875,niculas,niculas,535,536
749,1878,costa,costa,153,154
750,1880,juan,Juan,236,237
751,1880,"juan
",Juan,236,237
752,1880,juan bautista,Juan Bautista,236,238
753,1880,francisco,Francisco,215,216
754,1880,diego,Diego,136,137
755,1880,bautista,Bautista,237,238
756,1880,diego de,Diego de,136,138
757,1880,costa,costa,518,519
758,1882,costa,costa,251,252
759,1883,francisco,francisco,53,54
760,1883,francisco de,francisco de,53,55
761,1888,marcos,marcos,34,35
762,1888,costa,costa,332,333
763,1904,costa,costa,48,49
764,1906,sebastian,Sebastian,50,51
765,1909,maria,maria,287,288
766,1911,bautista,bautista,43,44
767,1911,costa,costa,182,183
768,1912,marco,marco,173,174
769,1914,costa,costa,202,203
770,1918,bernardo,bernardo,58,59
771,1919,costa,costa,110,111
772,1920,costa,costa,254,255
773,1926,phelipe,phelipe,35,36
774,1926,costa,costa,56,57
775,1930,costa,costa,311,312
776,1932,bernardino,bernardino,119,120
777,1932,sebastian,Sebastian,109,110
778,1932,roque,Roque,106,107
779,1932,antonio,Antonio,116,117
780,1932,francisco,Francisco,111,112
781,1932,diego,diego,93,94
782,1933,pablo,pablo,282,283
783,1933,domingo,domingo,287,288
784,1934,carlos atabante,carlos atabante,164,166
785,1934,carlos,carlos,164,165
786,1935,pablo,pablo,148,149
787,1935,costa,costa,72,73
788,1936,costa,costa,130,131
789,1937,martin,Martin,9,10
790,1941,baltazar quintero,baltazar quintero,493,495
791,1941,costa,costa,1009,1010
792,1943,catalina,catalina,166,167
793,1943,diego,diego,515,516
794,1944,costa,costa,224,225
795,1950,marcos,marcos,124,125
796,1950,costa,costa,208,209
797,1954,costa,costa,220,221
798,1955,costa,costa,815,816
799,1956,costa,costa,91,92
800,1958,martin,martin,112,113
801,1958,bautista,bautista,72,73
802,1963,marcos,marcos,57,58
803,1967,dancart,dancart,34,35
804,1967,costa,costa,128,129
805,1968,dancart,dancart,29,30
806,1970,dancart,dancart,2,3
807,1971,dancart,dancart,2,3
808,1973,marco,marco,2,3
809,1987,fernando,fernando,14,15
810,2032,marco,marco,3,4
811,2035,marco,marco,9,10
812,2056,niculas,niculas,2,3
813,2058,miguell,miguell,3,4
814,2071,corral,corral,24,25
815,2080,obispo de escalas,obispo de escalas,21,24
816,2098,miguel,miguel,8,9
817,2110,costa,costa,3,4
818,2111,vargas,Vargas,95,96
819,2122,miguel,miguel,31,32
820,2128,domingo,domingo,590,591
821,2128,alexos fernandes,alexos fernandes,596,598
822,2129,domingo,domingo,676,677
823,2129,alexos fernandes,alexos fernandes,681,683
824,2131,señor prouisor,señor prouisor,14,16
825,2133,alexos fernandes,alexos fernandes,28,30
826,2134,fernandez,fernandez,80,81
827,2134,señor prouisor,señor prouisor,67,69
828,2135,señor prouisor,señor prouisor,132,134
829,2137,corral,corral,13,14
830,2138,maria,maria,455,456
831,2138,corral,corral,33,34
832,2146,pedro,pedro,5,6
833,2147,maria,maria,8,9
834,2149,juan,juan,461,462
835,2149,"juan
",juan,461,462
836,2149,francisco,francisco,367,368
837,2149,garcia,garcia,369,370
838,2149,andres,andres,540,541
839,2149,ana,ana,492,493
840,2149,costa,costa,284,285
841,2161,nufrio,nufrio,6,7
842,2184,maldonado,maldonado,134,135
843,2185,maria,maria,233,234
844,2185,señor prouisor,señor prouisor,462,464
845,2186,costa,costa,1289,1290
846,2190,costa,costa,453,454
847,2192,felipe,felipe,13,14
848,2203,yñigo de ayala,yñigo de ayala,901,904
849,2203,costa,costa,829,830
850,2206,costa,costa,142,143
851,2207,maria,maria,99,100
852,2211,juo,Juo,31,32
853,2213,cano,cano,26,27
854,2216,pedro,Pedro,17,18
855,2218,juo,Juo,308,309
856,2229,pero herrandes,pero herrandes,7,9
857,2234,juo,Juo,138,139
858,2237,juo cauello,juo cauello,13,15
859,2237,juo,juo,13,14
860,2239,franco,franco,98,99
861,2239,costa,costa,521,522
862,2241,francisco,Francisco,239,240
863,2241,marco,marco,199,200
864,2242,costa,costa,274,275
865,2250,costa,costa,108,109
866,2251,costa,Costa,32,33
867,2254,felipe,Felipe,1517,1518
868,2261,costa,costa,29,30
869,2262,felipe,Felipe,600,601
870,2262,costa,costa,131,132
871,2263,costa,costa,74,75
872,2265,s. m.,S. M.,73,75
873,2265,felipe,Felipe,59,60
874,2265,costa,costa,107,108
875,2273,costa,costa,486,487
876,2280,gabriel,gabriel,21,22
877,2294,francisco,Francisco,33,34
878,2304,marco,marco,36,37
879,2307,pacheco,Pacheco,902,903
880,2307,andres,Andres,567,568
881,2307,joseph,Joseph,544,545
882,2307,costa,costa,1217,1218
883,2308,jeronimo de lara,Jeronimo de Lara,434,437
884,2311,juan,Juan,208,209
885,2311,"juan
",Juan,208,209
886,2311,bautista,bautista,284,285
887,2312,señor prouisor,señor prouisor,48,50
888,2312,cano,cano,1059,1060
889,2314,montañes,montañes,30,31
890,2317,joseph,Joseph,14,15
891,2319,felipe,Felipe,3,4
892,2320,marco,marco,258,259
893,2320,costa,costa,299,300
894,2321,costa,costa,804,805
895,2324,juan,Juan,108,109
896,2324,"juan
",Juan,108,109
897,2324,juan bautista,Juan bautista,108,110
898,2324,bautista,bautista,109,110
899,2324,costa,costa,200,201
900,2326,geronima,Geronima,24,25
901,2326,geronima de çamudio,Geronima de çamudio,24,27
902,2327,costa,costa,821,822
903,2329,diaz,Diaz,226,227
904,2331,costa,costa,978,979
905,2332,juan,Juan,101,102
906,2332,"juan
",Juan,101,102
907,2332,juan bautista,Juan bautista,101,103
908,2332,bautista,bautista,102,103
909,2332,costa,costa,224,225
910,2333,alonsso de coca,Alonsso de Coca,50,53
911,2333,marco,marco,281,282
912,2333,marcos,marcos,271,272
913,2333,costa,costa,366,367
914,2334,diaz,Diaz,187,188
915,2334,cano,Cano,42,43
916,2339,juan,Juan,39,40
917,2339,"juan
",Juan,39,40
918,2339,juan bautista,Juan Bautista,39,41
919,2339,bautista,Bautista,40,41
920,2340,costa,costa,196,197
921,2345,maria,maria,17,18
922,2346,sebastian,Sebastian,410,411
923,2346,angela,angela,486,487
924,2346,andrea,andrea,488,489
925,2354,martines montañes,martines montañes,331,333
926,2354,montañes,montañes,332,333
927,2356,bautista,bautista,5,6
928,2361,martines montañes,martines montañes,84,86
929,2361,montañes,montañes,85,86
930,2363,pablo,Pablo,120,121
931,2363,theresa,theresa,759,760
932,2385,costa,costa,86,87
933,2388,costa,costa,69,70
934,2404,maria,maria,32,33
935,2410,luisa,luisa,11,12
936,2411,maria,maria,307,308
937,2411,domingo de san pedro,domingo de san pedro,52,56
938,2411,pedro,pedro,55,56
939,2411,domingo,domingo,52,53
940,2411,miguel,miguel,868,869
941,2411,fernando,fernando,163,164
942,2423,marco,marco,153,154
943,2423,marcos,marcos,177,178
944,2427,marcos,marcos,21,22
945,2429,tomasa,tomasa,40,41
946,2432,juan,juan,80,81
947,2432,"juan
",juan,80,81
948,2437,cristobal,Cristobal,64,65
949,2437,cristobal ortiz,Cristobal ortiz,64,66
950,2443,costa,costa,137,138
951,2444,figueroa,figueroa,2,3
952,2454,marques de tarifa,marques de tarifa,29,32
953,2459,costa,costa,584,585
954,2462,isidro,Isidro,70,71
955,2462,joseph,joseph,110,111
956,2462,costa,costa,59,60
957,2471,josephe suero,josephe suero,13,15
958,2481,costa,costa,114,115
959,2485,costa,costa,145,146
960,2495,sebastian,Sebastian,99,100
961,2495,roque,roque,96,97
962,2495,francisco,francisco,101,102
963,2495,diego,diego,83,84
964,2496,pablo,pablo,246,247
965,2496,pedro,pedro,241,242
966,2499,juan,juan,148,149
967,2499,"juan
",juan,148,149
968,2501,costa,costa,101,102
969,2502,costa,costa,114,115
970,2505,ana,ana,79,80
971,2514,costa,costa,44,45
972,2518,antonio,antonio,34,35
973,2523,costa,costa,73,74
974,2527,legot,legot,1,2
975,2529,pablo,pablo,311,312
976,2529,pedro,pedro,307,308
977,2529,costa,costa,496,497
978,2536,catalina,catalina,107,108
979,2542,josefe,josefe,138,139
980,2542,costa,costa,62,63
981,2547,rufina,rufina,13,14
982,2547,justa rufina,justa rufina,12,14
983,2556,señor prouisor,señor prouisor,311,313
984,2556,ana,ana,231,232
985,2556,ana giron,ana giron,556,558
986,2580,costa,costa,25,26
987,2583,costa,costa,103,104
988,2595,juan,juan,43,44
989,2595,"juan
",juan,43,44
990,2595,juan bautista,juan bautista,43,45
991,2595,bautista,bautista,44,45
992,2600,ortega,ortega,28,29
993,2603,rufina,Rufina,84,85
994,2607,costa,costa,136,137
995,2612,pimentel,pimentel,174,175
996,2617,juan,juan,243,244
997,2617,"juan
",juan,243,244
998,2617,miguel,miguel,334,335
999,2617,andres,andres,13,14
1000,2632,francisco,francisco,71,72
1001,2636,ana,ana,43,44
1002,2643,antonio,antonio,58,59
1003,2643,costa,costa,127,128
1004,2668,giraldo polman,giraldo polman,81,83
1005,2671,roque,Roque,241,242
1006,2676,juan,juan,24,25
1007,2676,"juan
",juan,24,25
1008,2696,de obiedo,de obiedo,1,3
1009,2702,contreras,contreras,15,16
1010,2706,pablo,pablo,167,168
1011,2706,pedro,pedro,164,165
1012,2710,carlos,carlos,57,58
1013,2711,marcos,marcos,67,68
1014,2716,juan,juan,39,40
1015,2716,"juan
",juan,39,40
1016,2716,juan bautista,Juan bautista,63,65
1017,2716,bautista,bautista,64,65
1018,2720,costa,costa,413,414
1019,2723,antonio,antonio,30,31
1020,2724,juan de dios,juan de dios,37,40
1021,2724,juan,juan,37,38
1022,2724,"juan
",juan,37,38
1023,2724,juan de,juan de,37,39
1024,2724,costa,costa,34,35
1025,2725,benito,benito,37,38
1026,2726,costa,costa,44,45
1027,2727,fernando,fernando,253,254
1028,2727,costa,costa,118,119
1029,2735,teresa,teresa,259,260
1030,2739,domingo,domingo,58,59
1031,2739,domingo de urbin,domingo de urbin,58,61
1032,2743,juan,juan,223,224
1033,2743,"juan
",juan,223,224
1034,2743,juan baptista,juan baptista,223,225
1035,2751,pimentel,pimentel,478,479
1036,2751,xacinto pimentel,xacinto pimentel,477,479
1037,2757,rodrigo,rodrigo,20,21
1038,2758,phelipe,phelipe,135,136
1039,2758,felipe,felipe,75,76
1040,2762,martin,Martin,11,12
1041,2768,costa,costa,181,182
1042,2772,costa,costa,80,81
1043,2782,juan,juan,46,47
1044,2782,"juan
",juan,46,47
1045,2782,juan bautista,juan bautista,46,48
1046,2782,ysabel,ysabel,193,194
1047,2782,bautista,bautista,47,48
1048,2785,bautista,bautista,27,28
1049,2786,juan,juan,44,45
1050,2786,"juan
",juan,44,45
1051,2786,juan bautista,juan bautista,44,46
1052,2786,bautista,bautista,45,46
1053,2793,maria,maria,290,291
1054,2793,ysabel,ysabel,575,576
1055,2793,corral,corral,351,352
1056,2794,marco,marco,27,28
1057,2799,pedro,pedro,20,21
1058,2801,felipe,Felipe,274,275
1059,2801,fernando,Fernando,255,256
1060,2816,rufina,Rufina,26,27
1061,2824,vicente,Vicente,63,64
1062,2825,francisco,francisco,85,86
1063,2834,francisco,francisco,36,37
1064,2834,joseph,joseph,43,44
1065,2838,maria,maria,27,28
1066,2853,corral,corral,79,80
1067,2861,duque de medinacidonia,duque de medinacidonia,26,29
1068,2869,juan,juan,153,154
1069,2869,"juan
",juan,153,154
1070,2869,costa,costa,261,262
1071,2872,fernando,Fernando,288,289
1072,2873,juan,juan,289,290
1073,2873,"juan
",juan,289,290
1074,2874,juan,juan,215,216
1075,2874,"juan
",juan,215,216
1076,2874,maria,maria,119,120
1077,2874,pedro,pedro,108,109
1078,2874,domingo,domingo,218,219
1079,2874,hernando de los rrios,hernando de los rrios,281,285
1080,2874,fernando,fernando,319,320
1081,2874,hernando,hernando,281,282
1082,2877,domingo urbin,domingo urbin,242,244
1083,2877,catalina,catalina,105,106
1084,2877,domingo,domingo,242,243
1085,2884,pedro,pedro,45,46
1086,2887,juan,juan,63,64
1087,2887,"juan
",juan,63,64
1088,2887,pablo,pablo,153,154
1089,2887,juan bautista,juan bautista,63,65
1090,2887,pedro,pedro,150,151
1091,2887,lorenzo,lorenzo,135,136
1092,2887,andres,andres,126,127
1093,2887,bautista,bautista,64,65
1094,2887,joseph,joseph,123,124
1095,2905,corral,corral,11,12
1096,2906,costa,costa,39,40
1097,2910,miguel,miguel,101,102
1098,2912,martin,martin,38,39
1099,2923,lorenzo,lorenzo,146,147
1100,2926,catalina,catalina,136,137
1101,2929,señor prouisor,señor prouisor,40,42
1102,2930,ana,ana,40,41
1103,2935,ana,ana,520,521
1104,2938,antonio,antonio,62,63
1105,2938,francisco,francisco,54,55
1106,2938,francisco de,francisco de,54,56
1107,2947,costa,costa,61,62
1108,2948,domingo,domingo,20,21
1109,2955,carlos,carlos,36,37
1110,2960,francisco,francisco,198,199
1111,2960,domingo,domingo,171,172
1112,2963,joseph,joseph,31,32
1113,2964,carlos,carlos,45,46
1114,2965,maria,maria,45,46
1115,2971,costa,costa,395,396
1116,2975,costa,costa,491,492
1117,2976,domingo,domingo,100,101
1118,2977,francisco,francisco,120,121
1119,2977,domingo,domingo,116,117
1120,2978,afenfio de maeda,afenfio de maeda,532,535
1121,2978,costa,costa,719,720
1122,2981,costa,costa,189,190
1123,2982,agustin franco,agustin franco,301,303
1124,2982,franco,franco,302,303
1125,2982,costa,costa,89,90
1126,2985,rufina,rufina,320,321
1127,2985,costa,costa,588,589
1128,2988,felipe,felipe,35,36
1129,2990,juan,Juan,82,83
1130,2990,"juan
",Juan,82,83
1131,2990,costa,costa,226,227
1132,2993,ju,Ju,1,2
1133,2995,costa,costa,342,343
1134,3000,simon baez enrriquez,Simon baez enrriquez,17,20
1135,3000,ju,Ju,0,1
1136,3001,martin,martin,26,27
1137,3002,francisco,francisco,171,172
1138,3003,francisco,francisco,408,409
1139,3003,costa,costa,486,487
1140,3006,lorenzo,lorenzo,296,297
1141,3006,costa,costa,229,230
1142,3007,costa,costa,301,302
1143,3009,juan,juan,814,815
1144,3009,"juan
",juan,814,815
1145,3009,juan baptista,juan baptista,814,816
1146,3009,francisco,francisco,394,395
1147,3009,ju,ju,156,157
1148,3009,diego,diego,871,872
1149,3009,costa,costa,244,245
1150,3010,costa,costa,77,78
1151,3012,pablo,Pablo,405,406
1152,3012,pedro,pedro,402,403
1153,3012,martines montañes,martines montañes,72,74
1154,3012,ju,Ju,0,1
1155,3012,montañes,montañes,73,74
1156,3015,costa,costa,174,175
1157,3020,martines montañes,martines montañes,108,110
1158,3020,ju,ju,20,21
1159,3020,montañes,montañes,109,110
1160,3022,figueroa,figueroa,98,99
1161,3022,costa,costa,124,125
1162,3027,juan,juan,201,202
1163,3027,"juan
",juan,201,202
1164,3027,juan baptista,juan baptista,201,203
1165,3033,juan,Juan,1208,1209
1166,3033,"juan
",Juan,1208,1209
1167,3033,juan bautista,Juan Bautista,1208,1210
1168,3033,catalina,catalina,2445,2446
1169,3033,francisco,francisco,59,60
1170,3033,ju,ju,116,117
1171,3033,bautista,Bautista,1209,1210
1172,3033,costa,costa,1636,1637
1173,3036,martines montañes,martines montañes,58,60
1174,3036,montañes,montañes,59,60
1175,3037,costa,costa,152,153
1176,3040,sebastian,Sebastian,571,572
1177,3040,juan,Juan,342,343
1178,3040,"juan
",Juan,342,343
1179,3040,ju,Ju,90,91
1180,3044,ju,ju,16,17
1181,3044,costa,costa,69,70
1182,3053,francisco,francisco,18,19
1183,3060,ju,ju,19,20
1184,3060,costa,costa,415,416
1185,3062,antonio,antonio,34,35
1186,3062,costa,costa,84,85
1187,3063,ju,ju,17,18
1188,3064,pedro,pedro,54,55
1189,3066,pablo,pablo,137,138
1190,3066,costa,costa,693,694
1191,3067,costa,costa,137,138
1192,3069,maria,maria,23,24
1193,3071,maria,Maria,46,47
1194,3074,maria,maria,49,50
1195,3075,maria,maria,16,17
1196,3081,juan,juan,195,196
1197,3081,"juan
",juan,195,196
1198,3082,pedro,pedro,475,476
1199,3082,domingo,domingo,470,471
1200,3084,juan,juan,168,169
1201,3084,"juan
",juan,168,169
1202,3084,carlos,carlos,144,145
1203,3089,ju,ju,60,61
1204,3089,bautista,bautista,91,92
1205,3099,martin,martin,291,292
1206,3100,costa,costa,424,425
1207,3101,costa,costa,509,510
1208,3103,ju,ju,0,1
1209,3105,ju,ju,0,1
1210,3105,de obiedo,de obiedo,2,4
1211,3106,costa,costa,344,345
1212,3108,miguel,miguel,59,60
1213,3108,costa,costa,202,203
1214,3115,juan,juan,441,442
1215,3115,"juan
",juan,441,442
1216,3115,domingo,domingo,419,420
1217,3117,juan,juan,1054,1055
1218,3117,"juan
",juan,1054,1055
1219,3117,juan baptista,juan baptista,1054,1056
1220,3117,francisco,francisco,225,226
1221,3119,costa,costa,885,886
1222,3121,rufina,rufina,23,24
1223,3125,juan,juan,1436,1437
1224,3125,"juan
",juan,1436,1437
1225,3125,juan de,juan de,1436,1438
1226,3125,costa,costa,516,517
1227,3129,juan,juan,23,24
1228,3129,"juan
",juan,23,24
1229,3130,costa,costa,172,173
1230,3133,antonio,antonio,558,559
1231,3133,ygnacio,ygnacio,683,684
1232,3133,francisco,francisco,552,553
1233,3133,francisco de,francisco de,733,735
1234,3133,diego,diego,563,564
1235,3135,alfonso,Alfonso,30,31
1236,3136,costa,costa,668,669
1237,3137,costa,costa,57,58
1238,3140,juan,juan,22,23
1239,3140,"juan
",juan,22,23
1240,3142,antonio,Antonio,5,6
1241,3143,ygnacio,ygnacio,234,235
1242,3143,francisco,francisco,83,84
1243,3143,miguel,miguel,150,151
1244,3146,ygnacio,ygnacio,23,24
1245,3146,domingo,domingo,204,205
1246,3146,costa,costa,125,126
1247,3151,rufina,rufina,69,70
1248,3151,martines montañes,martines montañes,577,579
1249,3151,ju,ju,36,37
1250,3151,montañes,montañes,578,579
1251,3151,costa,costa,311,312
1252,3152,ana,ana,88,89
1253,3152,costa,costa,70,71
1254,3153,maria,maria,63,64
1255,3163,rufina,rufina,618,619
1256,3163,juan,juan,525,526
1257,3163,"juan
",juan,525,526
1258,3163,ju,ju,14,15
1259,3164,domingo,domingo,111,112
1260,3164,costa,costa,175,176
1261,3165,garcia,garcia,32,33
1262,3169,rufina,Rufina,15,16
1263,3169,sr teniente,sr teniente,93,95
1264,3172,juan,juan,234,235
1265,3172,"juan
",juan,234,235
1266,3172,costa,costa,492,493
1267,3174,pablo,Pablo,138,139
1268,3174,pedro,Pedro,135,136
1269,3177,duque de medinacidonia,duque de medinacidonia,21,24
1270,3181,artos yordan,artos yordan,17,19
1271,3188,alonfo cano,alonfo cano,166,168
1272,3188,juan,juan,77,78
1273,3188,"juan
",juan,77,78
1274,3188,cano,cano,167,168
1275,3189,costa,costa,77,78
1276,3197,maria,Maria,35,36
1277,3197,costa,costa,234,235
1278,3198,felis romero,felis romero,19,21
1279,3211,pablo,pablo,288,289
1280,3211,roque,roque,319,320
1281,3211,pedro,pedro,284,285
1282,3212,juan,juan,415,416
1283,3212,"juan
",juan,415,416
1284,3212,geronima,geronima,866,867
1285,3212,juan baptista,juan baptista,415,417
1286,3212,geronima de çamudio,geronima de çamudio,866,869
1287,3213,juan,juan,36,37
1288,3213,"juan
",juan,36,37
1289,3217,costa,costa,145,146
1290,3218,figueroa,figueroa,39,40
1291,3220,ortega,ortega,28,29
1292,3225,juan,juan,57,58
1293,3225,"juan
",juan,57,58
1294,3225,miguel,miguel,32,33
1295,3225,marco,marco,53,54
1296,3226,ju,ju,817,818
1297,3234,herrera,herrera,296,297
1298,3234,dotor herrera,dotor herrera,295,297
1299,3234,costa,costa,348,349
1300,3235,juan,juan,82,83
1301,3235,"juan
",juan,82,83
1302,3235,domingo,domingo,131,132
1303,3240,domingo,domingo,120,121
1304,3240,costa,costa,188,189
1305,3242,ana,ana,20,21
1306,3243,miguel,miguel,49,50
1307,3244,domingo,domingo,255,256
1308,3244,costa,costa,369,370
1309,3257,gabriel,gabriel,284,285
1310,3257,pablo,pablo,152,153
1311,3257,pedro,pedro,146,147
1312,3259,.-gaspar del aguila,.-gaspar del aguila,0,3
1313,3263,ana,ana,28,29
1314,3264,pablo,pablo,83,84
1315,3264,pedro,pedro,86,87
1316,3267,ana,ana,159,160
1317,3268,costa,costa,69,70
1318,3271,juan,juan,586,587
1319,3271,"juan
",juan,586,587
1320,3271,pablo,pablo,68,69
1321,3271,catalina de sena,catalina de sena,151,154
1322,3271,pedro,pedro,65,66
1323,3271,catalina,catalina,151,152
1324,3271,domingo,domingo,260,261
1325,3271,ambrosio,ambrosio,119,120
1326,3272,pablo,pablo,332,333
1327,3272,roque,Roque,355,356
1328,3272,pedro,pedro,327,328
1329,3273,juan,juan,170,171
1330,3273,"juan
",juan,170,171
1331,3273,maria,maria,172,173
1332,3274,bautista,bautista,83,84
1333,3275,juan,juan,145,146
1334,3275,"juan
",juan,145,146
1335,3275,juan de,juan de,145,147
1336,3275,rroque de valduque,rroque de valduque,264,267
1337,3275,vicente,Vicente,280,281
1338,3275,costa,costa,59,60
1339,3282,catalina,catalina,33,34
1340,3283,francisco,francisco,81,82
1341,3283,diego,diego,73,74
1342,3283,diego de,diego de,73,75
1343,3284,bautista,bautista,1,2
1344,3285,benito,benito,93,94
1345,3291,costa,costa,120,121
1346,3292,luis,luis,7,8
1347,3295,matia de la cruz,matia de la Cruz,11,15
1348,3300,ana,ana,49,50
1349,3302,lorenzo,lorenzo,23,24
1350,3302,costa,costa,92,93
1351,3305,leonis de ayllon,leonis de ayllon,153,156
1352,3307,pedro,pedro,38,39
1353,3317,costa,costa,153,154
1354,3319,miguel,miguel,15,16
1355,3319,costa,costa,123,124
1356,3320,sebastian,Sebastian,83,84
1357,3325,pedro,pedro,16,17
1358,3333,sebastian,Sebastian,23,24
1359,3334,juan,juan,743,744
1360,3334,"juan
",juan,743,744
1361,3334,juan baptista,juan baptista,743,745
1362,3344,pedro,pedro,46,47
1363,3344,costa,costa,270,271
1364,3360,bermondo rresta,bermondo rresta,64,66
1365,3360,costa,costa,573,574
1366,3370,baptista vazques,baptista vazques,633,635
1367,3370,hernan ruiz,hernan Ruiz,42,44
1368,3370,señor prouisor,señor prouisor,139,141
1369,3375,sebastian,Sebastian,379,380
1370,3393,juan,juan,295,296
1371,3393,"juan
",juan,295,296
1372,3393,maria,maria,311,312
1373,3395,bartolome,bartolome,55,56
1374,3400,costa,costa,264,265
1375,3403,costa,costa,136,137
1376,3404,costa,costa,361,362
1377,3406,miguel,miguel,29,30
1378,3407,sebastian,Sebastian,31,32
1379,3409,sebastian,Sebastian,54,55
1380,3413,lopez,lopez,1,2
1381,3418,xpobal de las casas,xpobal de las casas,3007,3011
1382,3418,bautista,bautista,301,302
1383,3418,costa,costa,344,345
1384,3427,costa,costa,90,91
1385,3430,marcos,marcos,28,29
1386,3431,bautista vasques,bautista vasques,584,586
1387,3431,çamora,çamora,244,245
1388,3431,bautista,bautista,584,585
1389,3431,arfian,arfian,248,249
1390,3431,costa,costa,232,233
1391,3435,pablo,pablo,46,47
1392,3437,costa,costa,149,150
1393,3438,xpoual,xpoual,42,43
1394,3440,pedro,pedro,138,139
1395,3441,pedro,pedro,82,83
1396,3444,maria,maria,90,91
1397,3445,pedro,pedro,194,195
1398,3445,domingo,domingo,422,423
1399,3456,catalina,catalina,366,367
1400,3456,herrera,herrera,244,245
1401,3456,costa,costa,448,449
1402,3460,basquez,basquez,1,2
1403,3464,marcos,marcos,47,48
1404,3467,gabriel,gabriel,191,192
1405,3467,antonio,antonio,90,91
1406,3467,anton,anton,248,249
1407,3467,joseph,joseph,417,418
1408,3472,costa,costa,35,36
1409,3477,juan,juan,55,56
1410,3477,"juan
",juan,55,56
1411,3477,juan bautista,juan bautista,61,63
1412,3477,benito,benito,65,66
1413,3477,bautista,bautista,62,63
1414,3480,marco,marco,246,247
1415,3480,marcos,marcos,236,237
1416,3480,costa,costa,259,260
1417,3481,juan,juan,78,79
1418,3481,"juan
",juan,78,79
1419,3481,juan baptista,juan baptista,78,80
1420,3485,maria,maria,50,51
1421,3486,andres,andres,106,107
1422,3494,juan,juan,108,109
1423,3494,"juan
",juan,108,109
1424,3494,juan bautista,juan bautista,108,110
1425,3494,bautista,bautista,109,110
1426,3496,alonso despinosa,alonso despinosa,14,16
1427,3496,alonso,alonso,14,15
1428,3497,duque de medinacidonia,duque de medinacidonia,6,9
1429,3499,costa,costa,40,41
1430,3501,antonio,antonio,1043,1044
1431,3501,faustina,faustina,559,560
1432,3501,costa,costa,470,471
1433,3505,fernand rruiz,fernand rruiz,0,2
1434,3506,hernan ruys,hernan Ruys,55,57
1435,3508,hernan rruyz,hernan rruyz,54,56
1436,3510,piñon,piñon,561,562
1437,3510,hernan rruyz,hernan rruyz,601,603
1438,3510,niculas,niculas,552,553
1439,3519,alberto durero,alberto durero,938,940
1440,3520,hernan rruyz,hernan rruyz,8,10
1441,3522,juan,juan,51,52
1442,3522,"juan
",juan,51,52
1443,3526,maria,maria,71,72
1444,3534,pablo,pablo,689,690
1445,3534,pedro,pedro,686,687
1446,3536,costa,costa,30,31
1447,3537,miguel,miguel,365,366
1448,3537,hernan rruyz,hernan rruyz,31,33
1449,3537,costa,costa,745,746
1450,3542,juan,juan,43,44
1451,3542,"juan
",juan,43,44
1452,3542,catalina,catalina,57,58
1453,3542,lorenzo,lorenzo,49,50
1454,3546,juan,juan,179,180
1455,3546,"juan
",juan,179,180
1456,3549,herrera,herrera,39,40
1457,3549,ana,ana,21,22
1458,3553,francisco,francisco,154,155
1459,3554,juan,juan,90,91
1460,3554,"juan
",juan,90,91
1461,3555,juan,juan,50,51
1462,3555,"juan
",juan,50,51
1463,3561,juan,juan,48,49
1464,3561,"juan
",juan,48,49
1465,3561,juan baptista,juan baptista,48,50
1466,3568,maria,maria,11,12
1467,3568,catalina,catalina,161,162
1468,3568,francisco,francisco,157,158
1469,3568,francisco de paula,francisco de paula,157,160
1470,3568,ana,ana,150,151
1471,3568,francisco de,francisco de,157,159
1472,3568,costa,costa,213,214
1473,3569,juan,juan,41,42
1474,3569,"juan
",juan,41,42
1475,3569,juan de,juan de,41,43
1476,3574,ana,ana,64,65
1477,3579,leonor,leonor,282,283
1478,3580,francisco,francisco,331,332
1479,3580,espejo,espejo,276,277
1480,3585,alfonso,Alfonso,29,30
1481,3586,catalina,catalina,37,38
1482,3586,miguel,miguel,82,83
1483,3588,pedro,pedro,44,45
1484,3591,maria,maria,464,465
1485,3591,maria de jesus,maria de jesus,464,467
1486,3591,ana,ana,336,337
1487,3591,leonor,leonor,488,489
1488,3592,gabriel,gabriel,164,165
1489,3594,costa,costa,322,323
1490,3597,cristobal,Cristobal,121,122
1491,3597,sebastian,Sebastian,192,193
1492,3600,juan,juan,89,90
1493,3600,"juan
",juan,89,90
1494,3600,francisco,francisco,96,97
1495,3604,pablo,pablo,131,132
1496,3604,pedro,pedro,125,126
1497,3606,maria,maria,86,87
1498,3608,miguel,miguel,92,93
1499,3608,costa,costa,63,64
1500,3614,juan,juan,398,399
1501,3614,"juan
",juan,398,399
1502,3614,teresa,teresa,25,26
1503,3614,francisco,francisco,77,78
1504,3614,benito,benito,237,238
1505,3614,tomas de aquino,tomas de aquino,273,276
1506,3614,domingo,domingo,530,531
1507,3614,luis,luis,228,229
1508,3614,miguel,miguel,210,211
1509,3614,martin,martin,106,107
1510,3615,joan de morillos,joan de morillos,51,54
1511,3615,joan,joan,51,52
1512,3616,hernando de porras,hernando de porras,40,43
1513,3616,hernando,hernando,40,41
1514,3618,domingo,domingo,21,22
1515,3624,sebastian,Sebastian,90,91
1516,3624,juan,juan,116,117
1517,3624,"juan
",juan,116,117
1518,3626,pedro,pedro,87,88
1519,3626,ana,ana,94,95
1520,3627,ana,ana,228,229
1521,3631,juan,juan,39,40
1522,3631,"juan
",juan,39,40
1523,3631,bartolome,bartolome,89,90
1524,3632,francisco cid,francisco cid,8,10
1525,3632,francisco,francisco,8,9
1526,3634,bermondo rresta,bermondo rresta,52,54
1527,3635,maria,maria,174,175
1528,3635,espino,espino,116,117
1529,3638,pablo,pablo,64,65
1530,3638,pedro,pedro,58,59
1531,3638,catalina,catalina,31,32
1532,3639,cristobal,Cristobal,127,128
1533,3639,xpoual,xpoual,45,46
1534,3642,gonçalo çatico de molina,gonçalo çatico de molina,7,11
1535,3642,corral,corral,429,430
1536,3643,juan,juan,135,136
1537,3643,"juan
",juan,135,136
1538,3672,juan,juan,60,61
1539,3672,"juan
",juan,60,61
1540,3679,juan,juan,17,18
1541,3679,"juan
",juan,17,18
1542,3689,juan,juan,66,67
1543,3689,"juan
",juan,66,67
1544,3689,juan bautista,juan bautista,66,68
1545,3689,francisco,francisco,61,62
1546,3689,bautista,bautista,67,68
1547,3693,sebastian,Sebastian,105,106
1548,3693,francisco,francisco,87,88
1549,3693,miguel,miguel,91,92
1550,3697,marcos,marcos,23,24
1551,3699,juan,Juan,38,39
1552,3699,"juan
",Juan,38,39
1553,3705,pedro,Pedro,65,66
1554,3705,costa,costa,224,225
1555,3716,hernan rruyz,hernan rruyz,25,27
1556,3719,maria,maria,233,234
1557,3719,ana,ana,236,237
1558,3719,costa,costa,471,472
1559,3722,luisa,luisa,21,22
1560,3738,lorenzo,lorenzo,131,132
1561,3740,lorenço desquivel,lorenço desquivel,28,30
1562,3748,costa,costa,106,107
1563,3751,gabriel,gabriel,430,431
1564,3751,pablo,pablo,400,401
1565,3751,pedro,pedro,384,385
1566,3751,costa,costa,631,632
1567,3757,pedro,pedro,89,90
1568,3762,sebastian,Sebastian,161,162
1569,3762,costa,costa,226,227
1570,3765,bautista,bautista,151,152
1571,3768,costa,costa,404,405
1572,3770,juan,juan,245,246
1573,3770,"juan
",juan,245,246
1574,3770,pablo,pablo,132,133
1575,3770,pedro,pedro,129,130
1576,3770,costa,costa,364,365
1577,3770,juan digan,juan digan,759,761
1578,3778,juan,juan,9,10
1579,3778,"juan
",juan,9,10
1580,3778,juan digan,juan digan,9,11
1581,3790,ju,ju,113,114
1582,3792,juan,juan,1396,1397
1583,3792,"juan
",juan,1396,1397
1584,3792,geronima,geronima,1193,1194
1585,3792,geronima de estrada,geronima de estrada,1193,1196
1586,3793,pedro,pedro,397,398
1587,3793,francisca,francisca,388,389
1588,3794,geronima,geronima,30,31
1589,3794,geronima destrada,geronima destrada,30,32
1590,3795,domingo,domingo,46,47
1591,3796,juan,juan,35,36
1592,3796,"juan
",juan,35,36
1593,3796,geronima,geronima,16,17
1594,3796,geronima de estrada,geronima de estrada,16,19
1595,3796,juan digan,juan digan,35,37
1596,3798,sebastian,Sebastian,94,95
1597,3798,costa,costa,340,341
1598,3802,costa,costa,194,195
1599,3804,andres,andres,376,377
1600,3804,costa,costa,130,131
1601,3809,juan,juan,23,24
1602,3809,"juan
",juan,23,24
1603,3811,geronima,geronima,10,11
1604,3811,geronima destrada,geronima destrada,10,12
1605,3818,carlos,carlos,266,267
1606,3819,costa,costa,100,101
1607,3821,costa,costa,451,452
1608,3823,francisco,francisco,38,39
1609,3826,juan,juan,75,76
1610,3826,"juan
",juan,75,76
1611,3826,pablo,pablo,72,73
1612,3826,pedro,pedro,70,71
1613,3826,domingo,domingo,51,52
1614,3831,guzman,guzman,44,45
1615,3831,domingo de guzman,domingo de guzman,42,45
1616,3831,domingo,domingo,42,43
1617,3839,catalina de sena,catalina de sena,53,56
1618,3839,catalina,catalina,53,54
1619,3839,domingo,domingo,48,49
1620,3842,domingo,domingo,46,47
1621,3843,juan,juan,114,115
1622,3843,"juan
",juan,114,115
1623,3843,lorenzo,lorenzo,339,340
1624,3844,francisco,francisco,37,38
1625,3844,francisco de paula,francisco de paula,37,40
1626,3844,francisco de,francisco de,37,39
1627,3845,juan,juan,40,41
1628,3845,"juan
",juan,40,41
1629,3846,ana,ana,56,57
1630,3855,diego,diego,42,43
1631,3861,maria,maria,78,79
1632,3861,maria madalena,maria madalena,78,80
1633,3862,.-gaspar del aguila,.-gaspar del aguila,0,3
1634,3866,francisco,francisco,122,123
1635,3866,diego,diego,40,41
1636,3870,juan,juan,62,63
1637,3870,"juan
",juan,62,63
1638,3870,juan baptista,juan baptista,62,64
1639,3870,francisco,francisco,68,69
1640,3872,costa,costa,134,135
1641,3876,costa,costa,98,99
1642,3877,pablo,pablo,141,142
1643,3877,costa,costa,215,216
1644,3879,pablo,pablo,74,75
1645,3879,jaques bauzel,jaques bauzel,255,257
1646,3879,pedro,pedro,71,72
1647,3879,lorenzo,lorenzo,12,13
1648,3879,tomas de aquino,tomas de aquino,101,104
1649,3879,domingo,domingo,95,96
1650,3882,ana,ana,55,56
1651,3885,sebastian,Sebastian,32,33
1652,3897,pablo,pablo,460,461
1653,3897,pedro,pedro,454,455
1654,3898,juan,juan,405,406
1655,3898,"juan
",juan,405,406
1656,3903,costa,costa,313,314
1657,3905,juan,juan,58,59
1658,3905,"juan
",juan,58,59
1659,3907,marcos maestre,marcos maestre,68,70
1660,3907,marcos,marcos,68,69
1661,3913,antonio,antonio,28,29
1662,3920,juan,juan,56,57
1663,3920,"juan
",juan,56,57
1664,3927,matia de la cruz,matia de la cruz,7,11
1665,3928,sebastian,Sebastian,17,18
1666,3929,costa,costa,23,24
1667,3931,pedro,pedro,141,142
1668,3933,marcos,marcos,45,46
1669,3934,juan,juan,65,66
1670,3934,"juan
",juan,65,66
1671,3934,juan baptista,juan baptista,65,67
1672,3934,asencio de maeda,asencio de maeda,44,47
1673,3935,antonio,antonio,39,40
1674,3938,ana,ana,24,25
1675,3941,juan,juan,20,21
1676,3941,"juan
",juan,20,21
1677,3945,rufina,Rufina,100,101
1678,3945,juan,juan,103,104
1679,3945,"juan
",juan,103,104
1680,3945,juan bautista,juan bautista,103,105
1681,3945,bautista,bautista,104,105
1682,3949,figueroa,figueroa,2,3
1683,3968,juan,juan,36,37
1684,3968,"juan
",juan,36,37
1685,3970,juan,juan,59,60
1686,3970,"juan
",juan,59,60
1687,3970,pedro,pedro,55,56
1688,3970,costa,costa,161,162
1689,3973,domingo de lazaro,domingo de lazaro,64,67
1690,3973,domingo,domingo,64,65
1691,3974,juan,juan,93,94
1692,3974,"juan
",juan,93,94
1693,3974,juan de,juan de,93,95
1694,3974,francisco,francisco,232,233
1695,3974,andres,andres,88,89
1696,3974,ana,ana,179,180
1697,3975,domingo,domingo,114,115
1698,3975,costa,costa,82,83
1699,3977,juan,juan,11,12
1700,3977,"juan
",juan,11,12
1701,3977,juan baptista,juan baptista,11,13
1702,3979,costa,costa,31,32
1703,3980,sebastian,Sebastian,204,205
1704,3980,pedro,pedro,161,162
1705,3980,francisco,francisco,164,165
1706,3980,josefe,josefe,152,153
1707,3980,ana,ana,166,167
1708,3980,bautista,bautista,197,198
1709,3987,francisco,francisco,102,103
1710,3987,francisco de,francisco de,102,104
1711,3990,domingo,domingo,38,39
1712,3992,juan,juan,65,66
1713,3992,"juan
",juan,65,66
1714,3994,roque,Roque,35,36
1715,4000,juan,juan,45,46
1716,4000,"juan
",juan,45,46
1717,4006,pedro,pedro,152,153
1718,4006,francisco,francisco,156,157
1719,4007,juan,juan,49,50
1720,4007,"juan
",juan,49,50
1721,4008,francisco,francisco,94,95
1722,4008,francisco de,francisco de,94,96
1723,4010,felipe,felipe,46,47
1724,4011,juan,juan,372,373
1725,4011,"juan
",juan,372,373
1726,4011,maria,maria,374,375
1727,4017,juan,juan,37,38
1728,4017,"juan
",juan,37,38
1729,4021,pedro,pedro,200,201
1730,4022,antonio,antonio,200,201
1731,4022,luis,luis,203,204
1732,4023,pablo,pablo,77,78
1733,4023,antonio,antonio,106,107
1734,4029,beatris,beatris,40,41
1735,4030,rufina,Rufina,183,184
1736,4030,juan,juan,158,159
1737,4030,"juan
",juan,158,159
1738,4030,pedro,pedro,139,140
1739,4030,antonio,antonio,167,168
1740,4033,pablo,pablo,52,53
1741,4033,pedro,pedro,49,50
1742,4036,costa,costa,144,145
1743,4050,domingo,domingo,27,28
1744,4051,domingo,domingo,32,33
1745,4057,juan,juan,83,84
1746,4057,"juan
",juan,83,84
1747,4057,juan bautista,juan bautista,83,85
1748,4057,pedro,pedro,79,80
1749,4057,antonio,antonio,70,71
1750,4057,bautista,bautista,84,85
1751,4064,antonio,antonio,7,8
1752,4065,bartolome,bartolome,73,74
1753,4067,juan,juan,89,90
1754,4067,"juan
",juan,89,90
1755,4067,juan bautista,juan bautista,89,91
1756,4067,bermondo resta,bermondo Resta,53,55
1757,4067,bautista,bautista,90,91
1758,4073,juan,juan,76,77
1759,4073,"juan
",juan,76,77
1760,4074,costa,costa,131,132
1761,4075,costa,costa,84,85
1762,4079,juan,juan,204,205
1763,4079,"juan
",juan,204,205
1764,4079,francisco,francisco,223,224
1765,4079,domingo,domingo,229,230
1766,4079,martin,martin,114,115
1767,4080,francisco,francisco,90,91
1768,4080,bermondo resta,bermondo Resta,160,162
1769,4091,juan,juan,218,219
1770,4091,"juan
",juan,218,219
1771,4091,juan de,juan de,249,251
1772,4092,costa,costa,217,218
1773,4094,pablo,pablo,223,224
1774,4094,pedro,pedro,220,221
1775,4094,catalina,catalina,177,178
1776,4094,domingo,domingo,174,175
1777,4094,bautista,bautista,227,228
1778,4101,pablo,pablo,67,68
1779,4101,pedro,pedro,64,65
1780,4106,gonçalo argote de molina,gonçalo argote de molina,61,65
1781,4106,pablo,pablo,228,229
1782,4106,pedro,pedro,223,224
1783,4106,bermundo resta,bermundo Resta,118,120
1784,4106,felipe,felipe,205,206
1785,4107,pablo,pablo,49,50
1786,4107,pedro,pedro,46,47
1787,4107,bautista,bautista,42,43
1788,4109,francisco,francisco,91,92
1789,4109,bermondo resta,bermondo Resta,39,41
1790,4110,bermondo resta,bermondo Resta,0,2
1791,4111,luis,luis,38,39
1792,4112,juan,juan,24,25
1793,4112,"juan
",juan,24,25
1794,4112,juan bautista,juan bautista,24,26
1795,4112,roque,Roque,36,37
1796,4112,bautista,bautista,25,26
1797,4117,pablo,pablo,734,735
1798,4117,pedro,pedro,731,732
1799,4117,bermundo resta,bermundo Resta,73,75
1800,4117,costa,costa,972,973
1801,4118,bermundo resta,bermundo Resta,59,61
1802,4119,costa,costa,192,193
1803,4123,domingo,domingo,20,21
1804,4125,costa,costa,17,18
1805,4127,maria,maria,30,31
1806,4127,francisco,francisco,217,218
1807,4128,ana,ana,48,49
1808,4129,roque,Roque,18,19
1809,4131,andres,andres,64,65
1810,4131,bartolome,bartolome,58,59
1811,4135,francisco,francisco,30,31
1812,4135,costa,costa,58,59
1813,4136,marcos,marcos,21,22
1814,4137,catalina,catalina,27,28
1815,4138,domingo,domingo,28,29
1816,4139,ortega,ortega,41,42
1817,4142,juan,juan,36,37
1818,4142,"juan
",juan,36,37
1819,4142,juan bautista,juan bautista,36,38
1820,4142,bautista,bautista,37,38
1821,4147,ana,ana,97,98
1822,4147,fernando,fernando,103,104
1823,4147,costa,costa,217,218
1824,4148,maria,maria,42,43
1825,4148,ana,Ana,349,350
1826,4148,costa,costa,378,379
1827,4151,costa,costa,84,85
1828,4152,maria,maria,33,34
1829,4155,juan,juan,85,86
1830,4155,"juan
",juan,85,86
1831,4155,juan bautista,juan bautista,85,87
1832,4155,andres,andres,69,70
1833,4155,bautista,bautista,86,87
1834,4155,costa,costa,125,126
1835,4167,de obiedo,de obiedo,1,3
1836,4168,señor prouisor,señor prouisor,24,26
1837,4169,bermondo resta,bermondo Resta,55,57
1838,4173,de obiedo,de obiedo,1,3
1839,4175,de obiedo,de obiedo,1,3
1840,4177,de obiedo,de obiedo,1,3
1841,4178,francisco,francisco,25,26
1842,4178,de obiedo,de obiedo,1,3
1843,4182,de obiedo,de obiedo,44,46
1844,4182,martin,martin,120,121
1845,4183,costa,costa,731,732
1846,4186,espino,espino,29,30
1847,4194,juan,juan,61,62
1848,4194,"juan
",juan,61,62
1849,4194,juan bautista,juan bautista,61,63
1850,4194,de obiedo,de obiedo,1,3
1851,4194,bautista,bautista,26,27
1852,4195,sebastian,Sebastian,53,54
1853,4199,juan,juan,78,79
1854,4199,"juan
",juan,78,79
1855,4199,juan bautista,juan bautista,78,80
1856,4199,bautista,bautista,79,80
1857,4203,juan,juan,50,51
1858,4203,"juan
",juan,50,51
1859,4203,maria,maria,52,53
1860,4204,roque,Roque,29,30
1861,4211,miguel,miguel,22,23
1862,4214,pedro,pedro,31,32
1863,4216,pimentel,Pimentel,26,27
1864,4219,pedro,pedro,29,30
1865,4221,juan,juan,42,43
1866,4221,"juan
",juan,42,43
1867,4221,juan bautista,juan bautista,42,44
1868,4221,bautista,bautista,43,44
1869,4232,phelipe,phelipe,115,116
1870,4232,ysabel,ysabel,49,50
1871,4232,phelipe de ribas,phelipe de Ribas,115,118
1872,4232,costa,costa,93,94
1873,4235,lorenzo,lorenzo,1018,1019
1874,4235,costa,costa,796,797
1875,4236,phelipe,phelipe,7,8
1876,4236,phelipe de ribas,phelipe de Ribas,7,10
1877,4242,corral,corral,16,17
1878,4248,albornos,albornos,98,99
1879,4253,albornos,albornos,19,20
1880,4263,maria,maria,17,18
1881,4265,juan,juan,49,50
1882,4265,"juan
",juan,49,50
1883,4265,maria,maria,72,73
1884,4265,pedro,pedro,59,60
1885,4269,xpobal caperucci,xpobal caperucci,80,82
1886,4269,costa,costa,110,111
1887,4270,gabriel,gabriel,56,57
1888,4270,josefe,josefe,54,55
1889,4274,sebastian,Sebastian,1111,1112
1890,4274,juan,juan,985,986
1891,4274,"juan
",juan,985,986
1892,4274,maria,maria,758,759
1893,4274,juan bautista,juan bautista,985,987
1894,4274,andres,andres,900,901
1895,4274,bautista,bautista,986,987
1896,4275,maria,maria,37,38
1897,4276,ysidro de aguilar,ysidro de aguilar,155,158
1898,4281,adan,adan,65,66
1899,4281,miguel adan,miguel adan,64,66
1900,4281,miguel,miguel,64,65
1901,4283,domingo,domingo,21,22
1902,4289,costa,costa,227,228
1903,4295,juan,juan,107,108
1904,4295,"juan
",juan,107,108
1905,4296,baltasar baron,baltasar baron,5,7
1906,4296,costa,costa,327,328
1907,4306,bermundo resta,bermundo Resta,10,12
1908,4306,bermondo resta,bermondo Resta,33,35
1909,4311,anton,anton,45,46
1910,4317,andrea,andrea,131,132
1911,4319,de obiedo,de obiedo,1,3
1912,4343,juan,juan,149,150
1913,4343,"juan
",juan,149,150
1914,4343,juan bautista,juan bautista,149,151
1915,4343,nufro,nufro,142,143
1916,4343,pedro,pedro,56,57
1917,4343,antonio,antonio,187,188
1918,4343,francisco,francisco,64,65
1919,4343,tomas de aquino,tomas de aquino,68,71
1920,4343,bautista,bautista,150,151
1921,4345,pablo,pablo,38,39
1922,4345,pedro,pedro,35,36
1923,4345,martin,martin,46,47
1924,4351,pablo,pablo,28,29
1925,4351,pedro,pedro,26,27
1926,4351,francisco,francisco,31,32
1927,4361,andres,andres,35,36
1928,4363,juan,juan,90,91
1929,4363,"juan
",juan,90,91
1930,4363,maria,maria,92,93
1931,4363,pablo,pablo,172,173
1932,4363,maria magdalena,maria magdalena,92,94
1933,4363,francisco,francisco,145,146
1934,4363,domingo,domingo,181,182
1935,4363,andres,andres,189,190
1936,4363,martin,martin,200,201
1937,4366,juan,juan,15,16
1938,4366,"juan
",juan,15,16
1939,4366,juan bautista,juan bautista,15,17
1940,4366,bautista,bautista,16,17
1941,4371,francisco,francisco,86,87
1942,4371,martin,martin,95,96
1943,4377,juan,juan,69,70
1944,4377,"juan
",juan,69,70
1945,4377,jorje,jorje,127,128
1946,4378,juan,juan,144,145
1947,4378,"juan
",juan,144,145
1948,4378,francisco,francisco,82,83
1949,4378,diego,diego,89,90
1950,4380,juan,juan,66,67
1951,4380,"juan
",juan,66,67
1952,4380,ana,ana,38,39
1953,4380,martin,martin,86,87
1954,4383,sebastian,Sebastian,126,127
1955,4383,bernardo,bernardo,135,136
1956,4383,benito,benito,291,292
1957,4383,diego,diego,113,114
1958,4384,ana,ana,39,40
1959,4385,andres,andres,23,24
1960,4386,domingo,domingo,45,46
1961,4389,juan,juan,266,267
1962,4389,"juan
",juan,266,267
1963,4389,pablo,pablo,44,45
1964,4389,pedro,pedro,41,42
1965,4389,francisco,francisco,223,224
1966,4389,lorenzo,lorenzo,122,123
1967,4389,martin,martin,75,76
1968,4390,domingo,domingo,4,5
1969,4399,juan,juan,123,124
1970,4399,"juan
",juan,123,124
1971,4401,juan,juan,45,46
1972,4401,"juan
",juan,45,46
1973,4406,juan,juan,125,126
1974,4406,"juan
",juan,125,126
1975,4415,sebastian,Sebastian,93,94
1976,4415,roque,Roque,118,119
1977,4423,juan,juan,94,95
1978,4423,"juan
",juan,94,95
1979,4423,juan bautista,juan bautista,94,96
1980,4423,bautista,bautista,95,96
1981,4425,josefe,josefe,73,74
1982,4427,costa,costa,163,164
1983,4428,andres,andres,0,1
1984,4430,juan,juan,71,72
1985,4430,"juan
",juan,71,72
1986,4430,juan bautista,juan bautista,71,73
1987,4430,bautista,bautista,72,73
1988,4440,juan,juan,112,113
1989,4440,gabriel,gabriel,51,52
1990,4440,"juan
",juan,112,113
1991,4440,juan bautista,juan bautista,115,117
1992,4440,pedro,pedro,108,109
1993,4440,francisco,francisco,118,119
1994,4440,francisco de,francisco de,118,120
1995,4440,bautista,bautista,116,117
1996,4441,miguel,miguel,42,43
1997,4443,juan,juan,61,62
1998,4443,"juan
",juan,61,62
1999,4443,ana,ana,56,57
2000,4444,costa,costa,78,79
2001,4449,maria,maria,9,10
2002,4450,agustin del castillo,agustin del castillo,34,37
2003,4451,costa,costa,23,24
2004,4453,costa,costa,31,32
2005,4454,costa,costa,42,43
2006,4457,pedro,pedro,34,35
2007,4463,sebastian,Sebastian,68,69
2008,4463,juan,juan,124,125
2009,4463,"juan
",juan,124,125
2010,4465,juan,juan,110,111
2011,4465,"juan
",juan,110,111
2012,4465,juan bautista,juan bautista,110,112
2013,4465,bautista,bautista,111,112
2014,4466,costa,costa,118,119
2015,4467,juan,juan,421,422
2016,4467,"juan
",juan,421,422
2017,4469,juan,juan,1612,1613
2018,4469,"juan
",juan,1612,1613
2019,4469,juan bautista,juan bautista,1612,1614
2020,4469,bautista,bautista,1613,1614
2021,4469,joseph,joseph,1618,1619
2022,4479,basquez,basquez,1,2
2023,4480,costa,costa,483,484
2024,4491,juan,juan,55,56
2025,4491,"juan
",juan,55,56
2026,4491,pedro,pedro,50,51
2027,4493,pedro,pedro,50,51
2028,4495,francisco,francisco,164,165
2029,4495,bautista,bautista,149,150
2030,4495,costa,costa,233,234
2031,4511,francisco,francisco,25,26
2032,4511,francisco de,francisco de,25,27
2033,4513,diego,diego,17,18
2034,4513,diego de,diego de,17,19
2035,4515,juan,juan,105,106
2036,4515,"juan
",juan,105,106
2037,4515,juan baptista,juan baptista,105,107
2038,4516,costa,costa,73,74
2039,4520,martin,martin,30,31
2040,4521,costa,costa,131,132
2041,4523,geronima delgado,geronima delgado,20,22
2042,4523,geronima,geronima,20,21
2043,4524,miguel,miguel,42,43
2044,4525,juan,juan,163,164
2045,4525,"juan
",juan,163,164
2046,4525,juan baptista,juan baptista,163,165
2047,4525,pedro,pedro,159,160
2048,4525,andres,andres,70,71
2049,4532,juan,juan,40,41
2050,4532,"juan
",juan,40,41
2051,4533,juan,juan,47,48
2052,4533,"juan
",juan,47,48
2053,4533,geronima,geronima,16,17
2054,4533,martin,martin,19,20
2055,4533,costa,costa,145,146
2056,4534,juan,juan,265,266
2057,4534,"juan
",juan,265,266
2058,4541,geronima,geronima,94,95
2059,4541,costa,costa,148,149
2060,4543,juan,juan,26,27
2061,4543,"juan
",juan,26,27
2062,4543,juan baptista,juan baptista,26,28
2063,4544,juan,juan,706,707
2064,4544,"juan
",juan,706,707
2065,4544,juan batista,juan Batista,706,708
2066,4544,ines,ines,712,713
2067,4546,costa,costa,168,169
2068,4548,juan,juan,46,47
2069,4548,"juan
",juan,46,47
2070,4548,juan bautista,juan bautista,46,48
2071,4548,juan baptista,juan baptista,498,500
2072,4548,bautista,bautista,47,48
2073,4550,pedro,pedro,117,118
2074,4550,catalina,catalina,46,47
2075,4550,lorenzo,lorenzo,509,510
2076,4550,josefe,josefe,500,501
2077,4550,costa,costa,57,58
2078,4555,pedro,pedro,49,50
2079,4555,catalina,catalina,25,26
2080,4555,josefe,josefe,58,59
2081,4555,costa,costa,28,29
2082,4569,costa,costa,465,466
2083,4571,juan,juan,27,28
2084,4571,"juan
",juan,27,28
2085,4571,juan bautista,juan bautista,27,29
2086,4571,bautista,bautista,28,29
2087,4580,juan,juan,79,80
2088,4580,"juan
",juan,79,80
2089,4585,maria,maria,828,829
2090,4585,joan,joan,826,827
2091,4585,costa,costa,52,53
2092,4594,juan,juan,56,57
2093,4594,"juan
",juan,56,57
2094,4594,juan bautista,juan bautista,56,58
2095,4594,bautista,bautista,57,58
2096,4605,geronimo belasques,geronimo belasques,14,16
2097,4606,ju,ju,0,1
2098,4607,francisco,francisco,71,72
2099,4625,domingo de oxirondo,domingo de oxirondo,26,29
2100,4625,domingo,domingo,26,27
2101,4627,theresa,theresa,132,133
2102,4630,maria,maria,32,33
2103,4630,maria de jesus,maria de jesus,32,35
2104,4630,francisco,francisco,375,376
2105,4630,miguel,miguel,454,455
2106,4637,costa,costa,42,43
2107,4664,costa,costa,34,35
2108,4670,vicente,Vicente,16,17
2109,4673,maría,María,36,37
2110,4680,espejo,espejo,162,163
2111,4726,morillo,morillo,228,229
2112,4726,espejo,espejo,250,251
2113,4764,juan,Juan,113,114
2114,4764,"juan
",Juan,113,114
2115,4764,pablo,Pablo,108,109
2116,4764,francisco,Francisco,95,96
2117,4764,francisco de paula,Francisco de Paula,95,98
2118,4764,marco,marco,129,130
2119,4764,francisco de,Francisco de,95,97
2120,4764,joseph,Joseph,84,85
2121,4785,de arteaga,DE ARTEAGA,10,12
2122,4792,pedro,Pedro,28,29
2123,4808,juan,Juan,203,204
2124,4808,"juan
",Juan,203,204
2125,4808,pedro,Pedro,736,737
2126,4808,antonio,Antonio,289,290
2127,4808,marcos,marcos,671,672
2128,4810,isabel,Isabel,962,963
2129,4810,sebastián,Sebastián,409,410
2130,4810,juan,Juan,146,147
2131,4810,tomás,Tomás,976,977
2132,4810,"juan
",Juan,146,147
2133,4810,juan de,Juan de,146,148
2134,4810,antonio,Antonio,723,724
2135,4810,carlos,Carlos,751,752
2136,4810,francisco,Francisco,1012,1013
2137,4810,marco,marco,1617,1618
2138,4810,espejo,espejo,1179,1180
2139,4810,ana,Ana,341,342
2140,4810,josé,José,200,201
2141,4810,francisco de,Francisco de,1012,1014
2142,4810,francisco de borja,Francisco de Borja,1012,1015
2143,4810,marcos,marcos,1507,1508
2144,4835,juan,Juan,1348,1349
2145,4835,tomás,Tomás,1860,1861
2146,4835,"juan
",Juan,1348,1349
2147,4835,juan bautista,Juan Bautista,1348,1350
2148,4835,maría,María,688,689
2149,4835,francisco,Francisco,973,974
2150,4835,mariana,Mariana,1787,1788
2151,4835,jerónimo,Jerónimo,714,715
2152,4835,miguel,Miguel,780,781
2153,4835,fernando,Fernando,729,730
2154,4835,bautista,Bautista,1349,1350
2155,4835,joseph,Joseph,248,249
2156,4835,marcos,marcos,281,282
2157,4906,francisco,Francisco,59,60
2158,4930,costa,costa,489,490
2159,4943,francisco,Francisco,236,237
2160,4943,fernando,Fernando,205,206
2161,4943,francisco solano,Francisco Solano,236,238
2162,4950,marco,marco,202,203
2163,4950,marcos,marcos,197,198
2164,5001,costa,costa,111,112
2165,5003,costa,costa,117,118
2166,5026,francisco,Francisco,68,69
2167,5026,domingo,Domingo,59,60
2168,5028,costa,costa,51,52
2169,5124,domingo,Domingo,8,9
2170,5127,marco,marco,236,237
2171,5127,marcos,marcos,189,190
2172,5150,corral,corral,11,12
2173,5188,juan,Juan,41,42
2174,5188,"juan
",Juan,41,42
2175,5197,marcos,marcos,23,24
2176,5243,costa,costa,61,62
2177,5265,juan,Juan,8,9
2178,5265,"juan
",Juan,8,9
2179,5265,juan de,Juan de,8,10
2180,5265,juan de la,Juan de la,8,11
2181,5265,juan de la palma,Juan de la Palma,8,12
2182,5281,espejo,espejo,457,458
2183,5287,pedro,Pedro,52,53
2184,5289,antonio,Antonio,42,43
2185,5290,antonio,Antonio,35,36
2186,5321,vicente,Vicente,31,32
2187,5339,rufina,Rufina,89,90
2188,5339,juan,Juan,83,84
2189,5339,"juan
",Juan,83,84
2190,5339,juan de,Juan de,83,85
2191,5339,maría,María,94,95
2192,5339,rufina de,Rufina de,89,91
2193,5341,rufina,Rufina,99,100
2194,5341,juan,Juan,93,94
2195,5341,"juan
",Juan,93,94
2196,5341,juan de,Juan de,93,95
2197,5341,maría,María,104,105
2198,5341,rufina de,Rufina de,99,101
2199,5395,costa,costa,157,158
2200,5500,francisco,Francisco,624,625
2201,5500,espejo,espejo,258,259
2202,5500,francisco de,Francisco de,624,626
2203,5585,antonio,Antonio,54,55
2204,5585,francisco,Francisco,51,52
2205,5585,diego,Diego,57,58
2206,5618,miguel,Miguel,224,225
2207,5621,roque,Roque,42,43
2208,5623,pedro,Pedro,82,83
2209,5624,pedro,Pedro,80,81
2210,5642,juan,Juan,64,65
2211,5642,"juan
",Juan,64,65
2212,5671,cano,Cano,13,14
2213,5682,costa,costa,43,44
2214,5689,costa,costa,67,68
2215,5708,francisco,Francisco,37,38
2216,5708,francisco de paula,Francisco de Paula,37,40
2217,5708,francisco de,Francisco de,37,39
2218,5725,costa,costa,48,49
2219,5726,francisco,Francisco,33,34
2220,5772,pedro,Pedro,54,55
2221,5802,juan,Juan,11,12
2222,5802,"juan
",Juan,11,12
2223,5802,juan bautista,Juan Bautista,11,13
2224,5802,bautista,Bautista,12,13
2225,5812,juan francisco,JUAN FRANCISCO,5,7
2226,5812,juan francisco garzón,JUAN FRANCISCO GARZÓN,5,8
2227,5812,juan,JUAN,5,6
2228,5812,"juan
",JUAN,5,6
2229,5812,francisco,FRANCISCO,6,7
2230,5834,nicolás,Nicolás,360,361
2231,5834,teresa,Teresa,370,371
2232,5834,espejo,espejo,301,302
2233,5868,costa,costa,136,137
2234,5993,morillo,morillo,154,155
2235,6044,marco,marco,72,73
2236,6094,marcos,marcos,688,689
2237,6095,espejo,espejo,180,181
2238,6099,corral,corral,13,14
2239,6147,costa,costa,148,149
2240,6152,corral,corral,4,5
2241,6159,barreda,barreda,27,28
2242,6178,joseph,Joseph,96,97
2243,6186,teresa,Teresa,7,8
2244,6186,maría,María,6,7
2245,6189,domingo,domingo,1,2
2246,6264,lorenzo,Lorenzo,16,17
2247,6280,jerónimo,Jerónimo,567,568
2248,6320,costa,costa,53,54
2249,6326,costa,costa,51,52
2250,6355,costa,costa,89,90
2251,6367,juan,Juan,183,184
2252,6367,"juan
",Juan,183,184
2253,6367,pablo,Pablo,186,187
2254,6367,pedro,Pedro,173,174
2255,6408,costa,costa,132,133
2256,6442,francisco,Francisco,61,62
2257,6443,juan,Juan,335,336
2258,6443,"juan
",Juan,335,336
2259,6443,juan bautista,Juan Bautista,335,337
2260,6443,ana,Ana,270,271
2261,6443,bautista,Bautista,336,337
2262,6444,espejo,espejo,881,882
2263,6445,juan,Juan,786,787
2264,6445,"juan
",Juan,786,787
2265,6445,ropa de vestir,ropa de vestir,613,616
2266,6445,costa,costa,238,239
2267,6446,carlos,Carlos,133,134
2268,6446,ana,Ana,105,106
2269,6450,marco,marco,5,6
2270,6505,felipe,Felipe,18,19
2271,6611,costa,costa,54,55
2272,6624,antonio,Antonio,20,21
2273,6672,francisco,Francisco,64,65
2274,6672,francisco de,Francisco de,64,66
2275,6672,costa,costa,55,56
2276,6674,ana,Ana,23,24
2277,6809,maría,María,1622,1623
2278,6809,espejo,espejo,282,283
2279,6809,joseph,Joseph,1624,1625
2280,6814,costa,costa,33,34
2281,6862,costa,costa,31,32
2282,6885,isidro,Isidro,18,19
2283,6891,antonio,Antonio,30,31
2284,6896,antonio,Antonio,28,29
2285,6899,maría,María,32,33
2286,6899,luis,Luis,39,40
2287,6924,antonio,Antonio,12,13
2288,6925,antonio,Antonio,7,8
2289,6947,pedro,Pedro,12,13
2290,6947,costa,costa,5,6
2291,6961,marco,marco,4,5
2292,6968,marco,marco,16,17
2293,6984,isabel,Isabel,8,9
2294,6984,juan de dios,Juan de Dios,21,24
2295,6984,juan,Juan,21,22
2296,6984,"juan
",Juan,21,22
2297,6984,juan de,Juan de,21,23
2298,6992,isabel,Isabel,180,181
2299,7025,francisco,Francisco,22,23
2300,7033,catalina,Catalina,523,524
2301,7035,juan,Juan,50,51
2302,7035,"juan
",Juan,50,51
2303,7036,juan,Juan,51,52
2304,7036,"juan
",Juan,51,52
2305,7036,antonio,Antonio,248,249
2306,7036,maría,María,167,168
2307,7036,espejo,espejo,1340,1341
2308,7036,joseph,Joseph,147,148
2309,7039,antonio,Antonio,249,250
2310,7039,maría,María,1813,1814
2311,7039,murillo,MURILLO,25,26
2312,7039,bartolomé,BARTOLOMÉ,24,25
2313,7039,espejo,espejo,2554,2555
2314,7039,bartolomé murillo,BARTOLOMÉ MURILLO,24,26
2315,7039,joseph,Joseph,356,357
2316,7068,pedro,Pedro,83,84
2317,7069,marques de paradas,Marques de Paradas,258,261
2318,7069,simón,Simón,156,157
2319,7114,fernando,Fernando,32,33
2320,7135,costa,costa,113,114
2321,7153,costa,costa,286,287
2322,7187,joseph,Joseph,62,63
2323,7188,agustín,Agustín,61,62
2324,7190,murillo,MURILLO,22,23
2325,7191,marco,marco,74,75
2326,7194,francisco,Francisco,18,19
2327,7199,costa,costa,15,16
2328,7212,costa,costa,37,38
2329,7215,pedro,Pedro,53,54
2330,7230,marco,marco,6,7
2331,7232,antonio,Antonio,10,11
2332,7232,morillo,MORILLO,12,13
2333,7232,marco,marco,5,6
2334,7252,maría,María,13,14
2335,7267,costa,costa,85,86
2336,7341,domingo,Domingo,11,12
2337,7453,juan,Juan,240,241
2338,7453,"juan
",Juan,240,241
2339,7453,juan bautista,Juan Bautista,240,242
2340,7453,bautista,Bautista,241,242
2341,7497,corral,corral,28,29
2342,7545,espejo,espejo,266,267
2343,7553,fernando,Fernando,148,149
2344,7555,antonio,Antonio,64,65
2345,7555,jerónimo,Jerónimo,86,87
2346,7560,catalina,Catalina,525,526
2347,7560,francisco,Francisco,528,529
2348,7560,espejo,espejo,388,389
2349,7571,marcos,Marcos,29,30
2350,7589,pedro,Pedro,239,240
2351,7589,jerónimo,Jerónimo,116,117
2352,7590,marco,marco,14,15
2353,7590,espejo,espejo,11,12
2354,7633,francisco,Francisco,50,51
2355,7634,morillo,morillo,117,118
2356,7715,medina,Medina,22,23
2357,7728,costa,costa,96,97
2358,7792,francisco,Francisco,117,118
2359,7792,domingo,Domingo,114,115
2360,7792,jerónimo,Jerónimo,178,179
2361,7792,marcos,marcos,119,120
2362,7808,rubio,rubio,32,33
2363,7838,conde de arenales,conde de Arenales,33,36
2364,7887,ana,Ana,398,399
2365,7970,juan,Juan,306,307
2366,7970,"juan
",Juan,306,307
2367,7970,juan bautista,Juan Bautista,306,308
2368,7970,pedro,Pedro,295,296
2369,7970,antonio,Antonio,279,280
2370,7970,bautista,Bautista,307,308
2371,7985,costa,costa,214,215
2372,8027,costa,costa,219,220
2373,8049,costa,costa,70,71
2374,8050,costa,costa,175,176
2375,8055,costa,costa,44,45
2376,8056,costa,costa,53,54
2377,8063,isidro,Isidro,91,92
2378,8063,joseph,Joseph,99,100
2379,8063,costa,costa,53,54
2380,8080,costa,costa,105,106
2381,8090,costa,costa,80,81
2382,8092,fernando,FERNANDO,12,13
2383,8103,costa,costa,206,207
2384,8104,ana,Ana,251,252
2385,8104,costa,costa,72,73
2386,8109,costa,costa,95,96
2387,8110,costa,costa,24,25
2388,8113,costa,costa,30,31
2389,8118,domingo,Domingo,0,1
2390,8140,costa,costa,52,53
2391,8143,francisco,Francisco,38,39
2392,8147,fernando,Fernando,56,57
2393,8174,fernando,Fernando,46,47
2394,8176,costa,costa,85,86
2395,8182,marco,marco,21,22
2396,8189,domingo,domingo,68,69
2397,8190,marco,marco,12,13
2398,8193,marco,marco,12,13
2399,8206,costa,costa,144,145
2400,8220,maría,María,1303,1304
2401,8220,ropa de vestir,ropa de vestir,282,285
2402,8225,espejo,espejo,251,252
2403,8252,francisco,Francisco,59,60
2404,8288,marcos,marcos,130,131
2405,8290,espejo,espejo,428,429
2406,8327,juan,Juan,48,49
2407,8327,"juan
",Juan,48,49
2408,8327,juan bautista,Juan Bautista,48,50
2409,8327,bautista,Bautista,49,50
2410,8331,josé,José,74,75
2411,8353,sebastián,Sebastián,579,580
2412,8353,juan,Juan,584,585
2413,8353,"juan
",Juan,584,585
2414,8353,juan bautista,Juan Bautista,584,586
2415,8353,teresa,Teresa,741,742
2416,8353,bautista,Bautista,585,586
2417,8364,francisco,Francisco,83,84
2418,8369,costa,costa,106,107
2419,8421,francisco,Francisco,500,501
2420,8421,francisco de,Francisco de,500,502
2421,8451,alonso,Alonso,82,83
2422,8503,juan,Juan,1136,1137
2423,8503,"juan
",Juan,1136,1137
2424,8503,roque,Roque,1304,1305
2425,8503,teresa,Teresa,12,13
2426,8503,maría,María,770,771
2427,8503,francisco,Francisco,328,329
2428,8503,francisco de,Francisco de,328,330
2429,8503,bautista,Bautista,1471,1472
2430,8504,sebastián,Sebastián,768,769
2431,8504,juan,Juan,972,973
2432,8504,"juan
",Juan,972,973
2433,8504,pablo,Pablo,1050,1051
2434,8504,juan bautista,Juan Bautista,972,974
2435,8504,pedro,Pedro,359,360
2436,8504,antonio,Antonio,344,345
2437,8504,carlos,Carlos,513,514
2438,8504,teresa,Teresa,701,702
2439,8504,catalina,Catalina,995,996
2440,8504,francisco,Francisco,48,49
2441,8504,francisco de paula,Francisco de Paula,79,82
2442,8504,jerónimo,Jerónimo,467,468
2443,8504,ana,Ana,1139,1140
2444,8504,francisco de,Francisco de,79,81
2445,8504,bautista,Bautista,304,305
2446,8504,margarita,Margarita,1236,1237
2447,8505,juan,Juan,223,224
2448,8505,"juan
",Juan,223,224
2449,8505,juan bautista,Juan Bautista,223,225
2450,8505,francisco,Francisco,37,38
2451,8505,bautista,Bautista,224,225
2452,8506,sebastián,Sebastián,210,211
2453,8506,juan,Juan,124,125
2454,8506,"juan
",Juan,124,125
2455,8506,pablo,Pablo,669,670
2456,8506,juan bautista,Juan Bautista,124,126
2457,8506,pedro,Pedro,617,618
2458,8506,maría,María,547,548
2459,8506,francisco,Francisco,103,104
2460,8506,jerónimo,Jerónimo,247,248
2461,8506,francisco de,Francisco de,103,105
2462,8506,diego,Diego,116,117
2463,8506,bautista,Bautista,125,126
2464,8507,luisa,Luisa,24,25
2465,8507,catalina,Catalina,12,13
2466,8507,bautista,Bautista,73,74
2467,8507,joseph,Joseph,18,19
2468,8513,juan,Juan,3,4
2469,8513,"juan
",Juan,3,4
2470,8513,juan de,Juan de,3,5
2471,8513,juan de la,Juan de la,3,6
2472,8513,juan de la palma,Juan de la Palma,3,7
2473,8536,corral,corral,36,37
2474,8552,miguel,Miguel,687,688
2475,8562,rubio,rubio,33,34
