,docid,match,string,start,end,addentity,label,entstart,entend
2475,8562,rubio,rubio,33,34,0,,,
2474,8552,miguel,Miguel,687,688,0,,,
2473,8536,corral,corral,36,37,0,,,
2472,8513,juan de la palma,Juan de la Palma,3,7,0,,,
2466,8507,bautista,Bautista,73,74,0,,,
2464,8507,luisa,Luisa,24,25,0,,,
2467,8507,joseph,Joseph,18,19,0,,,
2465,8507,catalina,Catalina,12,13,0,,,
2455,8506,pablo,Pablo,669,670,0,,,
2457,8506,pedro,Pedro,617,618,0,,,
2458,8506,maría,María,547,548,0,,,
2460,8506,jerónimo,Jerónimo,247,248,0,,,
2452,8506,sebastián,Sebastián,210,211,0,,,
2463,8506,bautista,Bautista,125,126,0,,,
2456,8506,juan bautista,Juan Bautista,124,126,0,,,
2462,8506,diego,Diego,116,117,0,,,
2461,8506,francisco de,Francisco de,103,105,0,,,
2451,8505,bautista,Bautista,224,225,0,,,
2449,8505,juan bautista,Juan Bautista,223,225,0,,,
2450,8505,francisco,Francisco,37,38,0,,,
2446,8504,margarita,Margarita,1236,1237,0,,,
2443,8504,ana,Ana,1139,1140,0,,,
2433,8504,pablo,Pablo,1050,1051,0,,,
2439,8504,catalina,Catalina,995,996,0,,,
2434,8504,juan bautista,Juan Bautista,972,974,0,,,
2430,8504,sebastián,Sebastián,768,769,0,,,
2438,8504,teresa,Teresa,701,702,0,,,
2437,8504,carlos,Carlos,513,514,0,,,
2442,8504,jerónimo,Jerónimo,467,468,0,,,
2435,8504,pedro,Pedro,359,360,0,,,
2436,8504,antonio,Antonio,344,345,0,,,
2445,8504,bautista,Bautista,304,305,0,,,
2441,8504,francisco de paula,Francisco de Paula,79,82,0,,,
2440,8504,francisco,Francisco,48,49,0,,,
2429,8503,bautista,Bautista,1471,1472,0,,,
2424,8503,roque,Roque,1304,1305,0,,,
2422,8503,juan,Juan,1136,1137,0,,,
2426,8503,maría,María,770,771,0,,,
2428,8503,francisco de,Francisco de,328,330,0,,,
2425,8503,teresa,Teresa,12,13,0,,,
2421,8451,alonso,Alonso,82,83,1,,,
2420,8421,francisco de,Francisco de,500,502,0,,,
2417,8364,francisco,Francisco,83,84,0,,,
2415,8353,teresa,Teresa,741,742,0,,,
2416,8353,bautista,Bautista,585,586,0,,,
2414,8353,juan bautista,Juan Bautista,584,586,0,,,
2411,8353,sebastián,Sebastián,579,580,0,,,
2410,8331,josé,José,74,75,0,,,
2409,8327,bautista,Bautista,49,50,0,,,
2408,8327,juan bautista,Juan Bautista,48,50,0,,,
2405,8290,espejo,espejo,428,429,0,,,
2404,8288,marcos,marcos,130,131,0,,,
2403,8252,francisco,Francisco,59,60,0,,,
2402,8225,espejo,espejo,251,252,0,,,
2400,8220,maría,María,1303,1304,0,,,
2401,8220,ropa de vestir,ropa de vestir,282,285,0,,,
2398,8193,marco,marco,12,13,0,,,
2397,8190,marco,marco,12,13,0,,,
2396,8189,domingo,domingo,68,69,0,,,
2395,8182,marco,marco,21,22,0,,,
2393,8174,fernando,Fernando,46,47,0,,,
2392,8147,fernando,Fernando,56,57,0,,,
2391,8143,francisco,Francisco,38,39,0,,,
2389,8118,domingo,Domingo,0,1,0,,,
2384,8104,ana,Ana,251,252,0,,,
2382,8092,fernando,FERNANDO,12,13,len,,,
2378,8063,joseph,Joseph,99,100,0,,,
2377,8063,isidro,Isidro,91,92,0,,,
2370,7970,bautista,Bautista,307,308,0,,,
2367,7970,juan bautista,Juan Bautista,306,308,0,,,
2368,7970,pedro,Pedro,295,296,0,,,
2369,7970,antonio,Antonio,279,280,0,,,
2364,7887,ana,Ana,398,399,0,,,
2363,7838,conde de arenales,conde de Arenales,33,36,1,,,
2362,7808,rubio,rubio,32,33,0,,,
2360,7792,jerónimo,Jerónimo,178,179,0,,,
2361,7792,marcos,marcos,119,120,0,,,
2358,7792,francisco,Francisco,117,118,0,,,
2359,7792,domingo,Domingo,114,115,0,,,
2356,7715,medina,Medina,22,23,len,,,
2355,7634,morillo,morillo,117,118,0,,,
2354,7633,francisco,Francisco,50,51,0,,,
2352,7590,marco,marco,14,15,0,,,
2353,7590,espejo,espejo,11,12,0,,,
2350,7589,pedro,Pedro,239,240,0,,,
2351,7589,jerónimo,Jerónimo,116,117,0,,,
2349,7571,marcos,Marcos,29,30,0,,,
2347,7560,francisco,Francisco,528,529,0,,,
2346,7560,catalina,Catalina,525,526,0,,,
2348,7560,espejo,espejo,388,389,0,,,
2345,7555,jerónimo,Jerónimo,86,87,0,,,
2344,7555,antonio,Antonio,64,65,0,,,
2343,7553,fernando,Fernando,148,149,0,,,
2342,7545,espejo,espejo,266,267,0,,,
2341,7497,corral,corral,28,29,0,,,
2340,7453,bautista,Bautista,241,242,0,,,
2339,7453,juan bautista,Juan Bautista,240,242,0,,,
2336,7341,domingo,Domingo,11,12,1,,,
2334,7252,maría,María,13,14,0,,,
2332,7232,morillo,MORILLO,12,13,1,,,
2331,7232,antonio,Antonio,10,11,0,,,
2333,7232,marco,marco,5,6,0,,,
2330,7230,marco,marco,6,7,0,,,
2329,7215,pedro,Pedro,53,54,0,,,
2326,7194,francisco,Francisco,18,19,0,,,
2325,7191,marco,marco,74,75,0,,,
2324,7190,murillo,MURILLO,22,23,1,,,
2323,7188,agustín,Agustín,61,62,0,,,
2322,7187,joseph,Joseph,62,63,0,,,
2319,7114,fernando,Fernando,32,33,0,,,
2317,7069,marques de paradas,Marques de Paradas,258,261,1,,,
2318,7069,simón,Simón,156,157,1,,,
2316,7068,pedro,Pedro,83,84,0,,,
2313,7039,espejo,espejo,2554,2555,0,,,
2310,7039,maría,María,1813,1814,0,,,
2315,7039,joseph,Joseph,356,357,0,,,
2309,7039,antonio,Antonio,249,250,0,,,
2311,7039,murillo,MURILLO,25,26,1,,,
2314,7039,bartolomé murillo,BARTOLOMÉ MURILLO,24,26,1,,,
2307,7036,espejo,espejo,1340,1341,0,,,
2305,7036,antonio,Antonio,248,249,0,,,
2306,7036,maría,María,167,168,0,,,
2308,7036,joseph,Joseph,147,148,0,,,
2303,7036,juan,Juan,51,52,0,,,
2301,7035,juan,Juan,50,51,0,,,
2300,7033,catalina,Catalina,523,524,0,,,
2299,7025,francisco,Francisco,22,23,0,,,
2298,6992,isabel,Isabel,180,181,0,,,
2294,6984,juan de dios,Juan de Dios,21,24,0,,,
2293,6984,isabel,Isabel,8,9,0,,,
2292,6968,marco,marco,16,17,0,,,
2291,6961,marco,marco,4,5,0,,,
2289,6947,pedro,Pedro,12,13,0,,,
2288,6925,antonio,Antonio,7,8,0,,,
2287,6924,antonio,Antonio,12,13,0,,,
2286,6899,luis,Luis,39,40,1,,,
2285,6899,maría,María,32,33,0,,,
2284,6896,antonio,Antonio,28,29,0,,,
2283,6891,antonio,Antonio,30,31,0,,,
2282,6885,isidro,Isidro,18,19,0,,,
2279,6809,joseph,Joseph,1624,1625,0,,,
2277,6809,maría,María,1622,1623,0,,,
2278,6809,espejo,espejo,282,283,0,,,
2276,6674,ana,Ana,23,24,0,,,
2274,6672,francisco de,Francisco de,64,66,0,,,
2272,6624,antonio,Antonio,20,21,0,,,
2270,6505,felipe,Felipe,18,19,0,,,
2269,6450,marco,marco,5,6,0,,,
2267,6446,carlos,Carlos,133,134,0,,,
2268,6446,ana,Ana,105,106,0,,,
2263,6445,juan,Juan,786,787,0,,,
2265,6445,ropa de vestir,ropa de vestir,613,616,0,,,
2262,6444,espejo,espejo,881,882,0,,,
2261,6443,bautista,Bautista,336,337,0,,,
2259,6443,juan bautista,Juan Bautista,335,337,0,,,
2260,6443,ana,Ana,270,271,0,,,
2256,6442,francisco,Francisco,61,62,0,,,
2253,6367,pablo,Pablo,186,187,0,,,
2251,6367,juan,Juan,183,184,0,,,
2254,6367,pedro,Pedro,173,174,0,,,
2247,6280,jerónimo,Jerónimo,567,568,0,,,
2246,6264,lorenzo,Lorenzo,16,17,0,,,
2245,6189,domingo,domingo,1,2,0,,,
2243,6186,teresa,Teresa,7,8,1,,,
2244,6186,maría,María,6,7,0,,,
2242,6178,joseph,Joseph,96,97,0,,,
2241,6159,barreda,barreda,27,28,0,,,
2240,6152,corral,corral,4,5,0,,,
2238,6099,corral,corral,13,14,0,,,
2237,6095,espejo,espejo,180,181,0,,,
2236,6094,marcos,marcos,688,689,0,,,
2235,6044,marco,marco,72,73,0,,,
2234,5993,morillo,morillo,154,155,0,,,
2231,5834,teresa,Teresa,370,371,0,,,
2230,5834,nicolás,Nicolás,360,361,0,,,
2232,5834,espejo,espejo,301,302,0,,,
2229,5812,francisco,FRANCISCO,6,7,1,,,
2226,5812,juan francisco garzón,JUAN FRANCISCO GARZÓN,5,8,1,,,
2224,5802,bautista,Bautista,12,13,0,,,
2223,5802,juan bautista,Juan Bautista,11,13,0,,,
2220,5772,pedro,Pedro,54,55,0,,,
2219,5726,francisco,Francisco,33,34,0,,,
2216,5708,francisco de paula,Francisco de Paula,37,40,0,,,
2212,5671,cano,Cano,13,14,0,,,
2210,5642,juan,Juan,64,65,0,,,
2209,5624,pedro,Pedro,80,81,0,,,
2208,5623,pedro,Pedro,82,83,0,,,
2207,5621,roque,Roque,42,43,0,,,
2206,5618,miguel,Miguel,224,225,0,,,
2205,5585,diego,Diego,57,58,0,,,
2203,5585,antonio,Antonio,54,55,0,,,
2204,5585,francisco,Francisco,51,52,0,,,
2202,5500,francisco de,Francisco de,624,626,0,,,
2201,5500,espejo,espejo,258,259,0,,,
2197,5341,maría,María,104,105,1,,,
2198,5341,rufina de,Rufina de,99,101,1,,,
2196,5341,juan de,Juan de,93,95,1,,,
2191,5339,maría,María,94,95,1,,,
2192,5339,rufina de,Rufina de,89,91,1,,,
2190,5339,juan de,Juan de,83,85,1,,,
2186,5321,vicente,Vicente,31,32,0,,,
2185,5290,antonio,Antonio,35,36,0,,,
2184,5289,antonio,Antonio,42,43,0,,,
2183,5287,pedro,Pedro,52,53,0,,,
2182,5281,espejo,espejo,457,458,0,,,
2181,5265,juan de la palma,Juan de la Palma,8,12,0,,,
2175,5197,marcos,marcos,23,24,0,,,
2173,5188,juan,Juan,41,42,0,,,
2172,5150,corral,corral,11,12,0,,,
2170,5127,marco,marco,236,237,0,,,
2171,5127,marcos,marcos,189,190,0,,,
2169,5124,domingo,Domingo,8,9,1,,,
2166,5026,francisco,Francisco,68,69,0,,,
2167,5026,domingo,Domingo,59,60,0,,,
2162,4950,marco,marco,202,203,0,,,
2163,4950,marcos,marcos,197,198,0,,,
2161,4943,francisco solano,Francisco Solano,236,238,0,,,
2160,4943,fernando,Fernando,205,206,0,,,
2157,4906,francisco,Francisco,59,60,0,,,
2145,4835,tomás,Tomás,1860,1861,0,,,
2150,4835,mariana,Mariana,1787,1788,0,,,
2154,4835,bautista,Bautista,1349,1350,0,,,
2147,4835,juan bautista,Juan Bautista,1348,1350,0,,,
2149,4835,francisco,Francisco,973,974,0,,,
2152,4835,miguel,Miguel,780,781,0,,,
2153,4835,fernando,Fernando,729,730,0,,,
2151,4835,jerónimo,Jerónimo,714,715,0,,,
2148,4835,maría,María,688,689,0,,,
2156,4835,marcos,marcos,281,282,0,,,
2155,4835,joseph,Joseph,248,249,0,,,
2137,4810,marco,marco,1617,1618,0,,,
2143,4810,marcos,marcos,1507,1508,0,,,
2138,4810,espejo,espejo,1179,1180,0,,,
2142,4810,francisco de borja,Francisco de Borja,1012,1015,0,,,
2131,4810,tomás,Tomás,976,977,0,,,
2128,4810,isabel,Isabel,962,963,0,,,
2135,4810,carlos,Carlos,751,752,0,,,
2134,4810,antonio,Antonio,723,724,0,,,
2129,4810,sebastián,Sebastián,409,410,0,,,
2139,4810,ana,Ana,341,342,0,,,
2140,4810,josé,José,200,201,0,,,
2133,4810,juan de,Juan de,146,148,0,,,
2125,4808,pedro,Pedro,736,737,0,,,
2127,4808,marcos,marcos,671,672,0,,,
2126,4808,antonio,Antonio,289,290,0,,,
2123,4808,juan,Juan,203,204,0,,,
2122,4792,pedro,Pedro,28,29,0,,,
2121,4785,de arteaga,DE ARTEAGA,10,12,1,,,
2118,4764,marco,marco,129,130,0,,,
2113,4764,juan,Juan,113,114,0,,,
2115,4764,pablo,Pablo,108,109,0,,,
2117,4764,francisco de paula,Francisco de Paula,95,98,0,,,
2120,4764,joseph,Joseph,84,85,0,,,
2112,4726,espejo,espejo,250,251,0,,,
2111,4726,morillo,morillo,228,229,0,,,
2110,4680,espejo,espejo,162,163,0,,,
2109,4673,maría,María,36,37,1,,,
2108,4670,vicente,Vicente,16,17,0,,,
2105,4630,miguel,miguel,454,455,0,,,
2104,4630,francisco,francisco,375,376,0,,,
2103,4630,maria de jesus,maria de jesus,32,35,0,,,
2101,4627,theresa,theresa,132,133,1,,,
2099,4625,domingo de oxirondo,domingo de oxirondo,26,29,1,,,
2098,4607,francisco,francisco,71,72,0,,,
2097,4606,ju,ju,0,1,len,,,
2096,4605,geronimo belasques,geronimo belasques,14,16,1,,,
2095,4594,bautista,bautista,57,58,0,,,
2094,4594,juan bautista,juan bautista,56,58,0,,,
2089,4585,maria,maria,828,829,0,,,
2090,4585,joan,joan,826,827,0,,,
2087,4580,juan,juan,79,80,0,,,
2086,4571,bautista,bautista,28,29,0,,,
2085,4571,juan bautista,juan bautista,27,29,0,,,
2080,4555,josefe,josefe,58,59,0,,,
2078,4555,pedro,pedro,49,50,0,,,
2079,4555,catalina,catalina,25,26,0,,,
2075,4550,lorenzo,lorenzo,509,510,0,,,
2076,4550,josefe,josefe,500,501,0,,,
2073,4550,pedro,pedro,117,118,0,,,
2074,4550,catalina,catalina,46,47,0,,,
2071,4548,juan baptista,juan baptista,498,500,0,,,
2072,4548,bautista,bautista,47,48,0,,,
2070,4548,juan bautista,juan bautista,46,48,0,,,
2066,4544,ines,ines,712,713,0,,,
2065,4544,juan batista,juan Batista,706,708,0,,,
2062,4543,juan baptista,juan baptista,26,28,0,,,
2058,4541,geronima,geronima,94,95,1,,,
2056,4534,juan,juan,265,266,0,,,
2051,4533,juan,juan,47,48,0,,,
2054,4533,martin,martin,19,20,1,,,
2053,4533,geronima,geronima,16,17,1,,,
2049,4532,juan,juan,40,41,0,,,
2046,4525,juan baptista,juan baptista,163,165,0,,,
2047,4525,pedro,pedro,159,160,0,,,
2048,4525,andres,andres,70,71,0,,,
2043,4524,miguel,miguel,42,43,0,,,
2041,4523,geronima delgado,geronima delgado,20,22,1,,,
2039,4520,martin,martin,30,31,0,,,
2037,4515,juan baptista,juan baptista,105,107,0,,,
2034,4513,diego de,diego de,17,19,0,,,
2032,4511,francisco de,francisco de,25,27,0,,,
2028,4495,francisco,francisco,164,165,0,,,
2029,4495,bautista,bautista,149,150,0,,,
2027,4493,pedro,pedro,50,51,0,,,
2024,4491,juan,juan,55,56,0,,,
2026,4491,pedro,pedro,50,51,0,,,
2022,4479,basquez,basquez,1,2,1,,,
2021,4469,joseph,joseph,1618,1619,0,,,
2020,4469,bautista,bautista,1613,1614,0,,,
2019,4469,juan bautista,juan bautista,1612,1614,0,,,
2015,4467,juan,juan,421,422,0,,,
2013,4465,bautista,bautista,111,112,0,,,
2012,4465,juan bautista,juan bautista,110,112,0,,,
2008,4463,juan,juan,124,125,0,,,
2007,4463,sebastian,Sebastian,68,69,0,,,
2006,4457,pedro,pedro,34,35,0,,,
2002,4450,agustin del castillo,agustin del castillo,34,37,1,,,
2001,4449,maria,maria,9,10,0,,,
1997,4443,juan,juan,61,62,0,,,
1999,4443,ana,ana,56,57,0,,,
1996,4441,miguel,miguel,42,43,0,,,
1994,4440,francisco de,francisco de,118,120,,,,
1995,4440,bautista,bautista,116,117,0,,,
1991,4440,juan bautista,juan bautista,115,117,0,,,
1988,4440,juan,juan,112,113,0,,,
1992,4440,pedro,pedro,108,109,0,,,
1989,4440,gabriel,gabriel,51,52,0,,,
1987,4430,bautista,bautista,72,73,0,,,
1986,4430,juan bautista,juan bautista,71,73,0,,,
1983,4428,andres,andres,0,1,1,,,
1981,4425,josefe,josefe,73,74,0,,,
1980,4423,bautista,bautista,95,96,0,,,
1979,4423,juan bautista,juan bautista,94,96,0,,,
1976,4415,roque,Roque,118,119,0,,,
1975,4415,sebastian,Sebastian,93,94,0,,,
1973,4406,juan,juan,125,126,0,,,
1971,4401,juan,juan,45,46,0,,,
1969,4399,juan,juan,123,124,0,,,
1968,4390,domingo,domingo,4,5,0,,,
1961,4389,juan,juan,266,267,0,,,
1965,4389,francisco,francisco,223,224,0,,,
1966,4389,lorenzo,lorenzo,122,123,0,,,
1967,4389,martin,martin,75,76,0,,,
1963,4389,pablo,pablo,44,45,0,,,
1964,4389,pedro,pedro,41,42,0,,,
1960,4386,domingo,domingo,45,46,0,,,
1959,4385,andres,andres,23,24,1,,,
1958,4384,ana,ana,39,40,0,,,
1956,4383,benito,benito,291,292,0,,,
1955,4383,bernardo,bernardo,135,136,0,,,
1954,4383,sebastian,Sebastian,126,127,0,,,
1957,4383,diego,diego,113,114,0,,,
1953,4380,martin,martin,86,87,0,,,
1950,4380,juan,juan,66,67,0,,,
1952,4380,ana,ana,38,39,0,,,
1946,4378,juan,juan,144,145,0,,,
1949,4378,diego,diego,89,90,0,,,
1948,4378,francisco,francisco,82,83,0,,,
1945,4377,jorje,jorje,127,128,0,,,
1943,4377,juan,juan,69,70,0,,,
1942,4371,martin,martin,95,96,0,,,
1941,4371,francisco,francisco,86,87,0,,,
1940,4366,bautista,bautista,16,17,0,,,
1939,4366,juan bautista,juan bautista,15,17,0,,,
1936,4363,martin,martin,200,201,0,,,
1935,4363,andres,andres,189,190,0,,,
1934,4363,domingo,domingo,181,182,0,,,
1931,4363,pablo,pablo,172,173,0,,,
1933,4363,francisco,francisco,145,146,0,,,
1932,4363,maria magdalena,maria magdalena,92,94,0,,,
1928,4363,juan,juan,90,91,0,,,
1927,4361,andres,andres,35,36,0,,,
1926,4351,francisco,francisco,31,32,0,,,
1924,4351,pablo,pablo,28,29,0,,,
1925,4351,pedro,pedro,26,27,0,,,
1923,4345,martin,martin,46,47,0,,,
1921,4345,pablo,pablo,38,39,0,,,
1922,4345,pedro,pedro,35,36,0,,,
1917,4343,antonio,antonio,187,188,0,,,
1920,4343,bautista,bautista,150,151,0,,,
1914,4343,juan bautista,juan bautista,149,151,0,,,
1915,4343,nufro,nufro,142,143,0,,,
1919,4343,tomas de aquino,tomas de aquino,68,71,0,,,
1918,4343,francisco,francisco,64,65,0,,,
1916,4343,pedro,pedro,56,57,0,,,
1911,4319,de obiedo,de obiedo,1,3,1,,,
1910,4317,andrea,andrea,131,132,0,,,
1909,4311,anton,anton,45,46,1,,,
1908,4306,bermondo resta,bermondo Resta,33,35,1,,,
1907,4306,bermundo resta,bermundo Resta,10,12,1,,,
1905,4296,baltasar baron,baltasar baron,5,7,1,,,
1903,4295,juan,juan,107,108,0,,,
1901,4283,domingo,domingo,21,22,0,,,
1898,4281,adan,adan,65,66,1,,,
1899,4281,miguel adan,miguel adan,64,66,1,,,
1897,4276,ysidro de aguilar,ysidro de aguilar,155,158,1,,,
1896,4275,maria,maria,37,38,0,,,
1889,4274,sebastian,Sebastian,1111,1112,0,,,
1895,4274,bautista,bautista,986,987,0,,,
1893,4274,juan bautista,juan bautista,985,987,0,,,
1894,4274,andres,andres,900,901,0,,,
1892,4274,maria,maria,758,759,0,,,
1887,4270,gabriel,gabriel,56,57,1,,,
1888,4270,josefe,josefe,54,55,1,,,
1885,4269,xpobal caperucci,xpobal caperucci,80,82,1,,,
1883,4265,maria,maria,72,73,0,,,
1884,4265,pedro,pedro,59,60,0,,,
1881,4265,juan,juan,49,50,0,,,
1880,4263,maria,maria,17,18,0,,,
1879,4253,albornos,albornos,19,20,len,,,
1878,4248,albornos,albornos,98,99,len,,,
1877,4242,corral,corral,16,17,0,,,
1876,4236,phelipe de ribas,phelipe de Ribas,7,10,1,,,
1873,4235,lorenzo,lorenzo,1018,1019,0,,,
1871,4232,phelipe de ribas,phelipe de Ribas,115,118,1,,,
1870,4232,ysabel,ysabel,49,50,0,,,
1868,4221,bautista,bautista,43,44,0,,,
1867,4221,juan bautista,juan bautista,42,44,0,,,
1864,4219,pedro,pedro,29,30,0,,,
1863,4216,pimentel,Pimentel,26,27,1,,,
1862,4214,pedro,pedro,31,32,0,,,
1861,4211,miguel,miguel,22,23,0,,,
1860,4204,roque,Roque,29,30,0,,,
1859,4203,maria,maria,52,53,0,,,
1857,4203,juan,juan,50,51,0,,,
1856,4199,bautista,bautista,79,80,0,,,
1855,4199,juan bautista,juan bautista,78,80,0,,,
1852,4195,sebastian,Sebastian,53,54,0,,,
1849,4194,juan bautista,juan bautista,61,63,0,,,
1851,4194,bautista,bautista,26,27,0,,,
1850,4194,de obiedo,de obiedo,1,3,1,,,
1846,4186,espino,espino,29,30,1,,,
1844,4182,martin,martin,120,121,1,,,
1843,4182,de obiedo,de obiedo,44,46,1,,,
1841,4178,francisco,francisco,25,26,0,,,
1842,4178,de obiedo,de obiedo,1,3,1,,,
1840,4177,de obiedo,de obiedo,1,3,1,,,
1839,4175,de obiedo,de obiedo,1,3,,,,
1838,4173,de obiedo,de obiedo,1,3,,,,
1837,4169,bermondo resta,bermondo Resta,55,57,,,,
1836,4168,señor prouisor,señor prouisor,24,26,,,,
1835,4167,de obiedo,de obiedo,1,3,,,,
1833,4155,bautista,bautista,86,87,,,,
1831,4155,juan bautista,juan bautista,85,87,,,,
1832,4155,andres,andres,69,70,,,,
1828,4152,maria,maria,33,34,,,,
1825,4148,ana,Ana,349,350,,,,
1824,4148,maria,maria,42,43,,,,
1822,4147,fernando,fernando,103,104,,,,
1821,4147,ana,ana,97,98,,,,
1820,4142,bautista,bautista,37,38,,,,
1819,4142,juan bautista,juan bautista,36,38,,,,
1816,4139,ortega,ortega,41,42,,,,
1815,4138,domingo,domingo,28,29,,,,
1814,4137,catalina,catalina,27,28,,,,
1813,4136,marcos,marcos,21,22,,,,
1811,4135,francisco,francisco,30,31,,,,
1809,4131,andres,andres,64,65,,,,
1810,4131,bartolome,bartolome,58,59,,,,
1808,4129,roque,Roque,18,19,,,,
1807,4128,ana,ana,48,49,,,,
1806,4127,francisco,francisco,217,218,,,,
1805,4127,maria,maria,30,31,,,,
1803,4123,domingo,domingo,20,21,,,,
1801,4118,bermundo resta,bermundo Resta,59,61,,,,
1797,4117,pablo,pablo,734,735,,,,
1798,4117,pedro,pedro,731,732,,,,
1799,4117,bermundo resta,bermundo Resta,73,75,,,,
1795,4112,roque,Roque,36,37,,,,
1796,4112,bautista,bautista,25,26,,,,
1794,4112,juan bautista,juan bautista,24,26,,,,
1791,4111,luis,luis,38,39,,,,
1790,4110,bermondo resta,bermondo Resta,0,2,,,,
1788,4109,francisco,francisco,91,92,,,,
1789,4109,bermondo resta,bermondo Resta,39,41,,,,
1785,4107,pablo,pablo,49,50,,,,
1786,4107,pedro,pedro,46,47,,,,
1787,4107,bautista,bautista,42,43,,,,
1781,4106,pablo,pablo,228,229,,,,
1782,4106,pedro,pedro,223,224,,,,
1784,4106,felipe,felipe,205,206,,,,
1783,4106,bermundo resta,bermundo Resta,118,120,,,,
1780,4106,gonçalo argote de molina,gonçalo argote de molina,61,65,,,,
1778,4101,pablo,pablo,67,68,,,,
1779,4101,pedro,pedro,64,65,,,,
1777,4094,bautista,bautista,227,228,,,,
1773,4094,pablo,pablo,223,224,,,,
1774,4094,pedro,pedro,220,221,,,,
1775,4094,catalina,catalina,177,178,,,,
1776,4094,domingo,domingo,174,175,,,,
1771,4091,juan de,juan de,249,251,,,,
1769,4091,juan,juan,218,219,,,,
1768,4080,bermondo resta,bermondo Resta,160,162,,,,
1767,4080,francisco,francisco,90,91,,,,
1765,4079,domingo,domingo,229,230,,,,
1764,4079,francisco,francisco,223,224,,,,
1762,4079,juan,juan,204,205,,,,
1766,4079,martin,martin,114,115,,,,
1758,4073,juan,juan,76,77,,,,
1757,4067,bautista,bautista,90,91,,,,
1755,4067,juan bautista,juan bautista,89,91,,,,
1756,4067,bermondo resta,bermondo Resta,53,55,,,,
1752,4065,bartolome,bartolome,73,74,,,,
1751,4064,antonio,antonio,7,8,,,,
1750,4057,bautista,bautista,84,85,,,,
1747,4057,juan bautista,juan bautista,83,85,,,,
1748,4057,pedro,pedro,79,80,,,,
1749,4057,antonio,antonio,70,71,,,,
1744,4051,domingo,domingo,32,33,,,,
1743,4050,domingo,domingo,27,28,,,,
1740,4033,pablo,pablo,52,53,,,,
1741,4033,pedro,pedro,49,50,,,,
1735,4030,rufina,Rufina,183,184,,,,
1739,4030,antonio,antonio,167,168,,,,
1736,4030,juan,juan,158,159,,,,
1738,4030,pedro,pedro,139,140,,,,
1734,4029,beatris,beatris,40,41,,,,
1733,4023,antonio,antonio,106,107,,,,
1732,4023,pablo,pablo,77,78,,,,
1731,4022,luis,luis,203,204,,,,
1730,4022,antonio,antonio,200,201,,,,
1729,4021,pedro,pedro,200,201,,,,
1727,4017,juan,juan,37,38,,,,
1726,4011,maria,maria,374,375,,,,
1724,4011,juan,juan,372,373,,,,
1723,4010,felipe,felipe,46,47,,,,
1722,4008,francisco de,francisco de,94,96,,,,
1719,4007,juan,juan,49,50,,,,
1718,4006,francisco,francisco,156,157,,,,
1717,4006,pedro,pedro,152,153,,,,
1715,4000,juan,juan,45,46,,,,
1714,3994,roque,Roque,35,36,,,,
1712,3992,juan,juan,65,66,,,,
1711,3990,domingo,domingo,38,39,,,,
1710,3987,francisco de,francisco de,102,104,,,,
1703,3980,sebastian,Sebastian,204,205,,,,
1708,3980,bautista,bautista,197,198,,,,
1707,3980,ana,ana,166,167,,,,
1705,3980,francisco,francisco,164,165,,,,
1704,3980,pedro,pedro,161,162,,,,
1706,3980,josefe,josefe,152,153,,,,
1701,3977,juan baptista,juan baptista,11,13,,,,
1697,3975,domingo,domingo,114,115,,,,
1694,3974,francisco,francisco,232,233,,,,
1696,3974,ana,ana,179,180,,,,
1693,3974,juan de,juan de,93,95,,,,
1695,3974,andres,andres,88,89,,,,
1689,3973,domingo de lazaro,domingo de lazaro,64,67,,,,
1685,3970,juan,juan,59,60,,,,
1687,3970,pedro,pedro,55,56,,,,
1683,3968,juan,juan,36,37,,,,
1682,3949,figueroa,figueroa,2,3,,,,
1681,3945,bautista,bautista,104,105,,,,
1680,3945,juan bautista,juan bautista,103,105,,,,
1677,3945,rufina,Rufina,100,101,,,,
1675,3941,juan,juan,20,21,,,,
1674,3938,ana,ana,24,25,,,,
1673,3935,antonio,antonio,39,40,,,,
1671,3934,juan baptista,juan baptista,65,67,,,,
1672,3934,asencio de maeda,asencio de maeda,44,47,,,,
1668,3933,marcos,marcos,45,46,,,,
1667,3931,pedro,pedro,141,142,,,,
1665,3928,sebastian,Sebastian,17,18,,,,
1664,3927,matia de la cruz,matia de la cruz,7,11,,,,
1662,3920,juan,juan,56,57,,,,
1661,3913,antonio,antonio,28,29,,,,
1659,3907,marcos maestre,marcos maestre,68,70,,,,
1657,3905,juan,juan,58,59,,,,
1654,3898,juan,juan,405,406,,,,
1652,3897,pablo,pablo,460,461,,,,
1653,3897,pedro,pedro,454,455,,,,
1651,3885,sebastian,Sebastian,32,33,,,,
1650,3882,ana,ana,55,56,,,,
1645,3879,jaques bauzel,jaques bauzel,255,257,,,,
1648,3879,tomas de aquino,tomas de aquino,101,104,,,,
1649,3879,domingo,domingo,95,96,,,,
1644,3879,pablo,pablo,74,75,,,,
1646,3879,pedro,pedro,71,72,,,,
1647,3879,lorenzo,lorenzo,12,13,,,,
1642,3877,pablo,pablo,141,142,,,,
1639,3870,francisco,francisco,68,69,,,,
1638,3870,juan baptista,juan baptista,62,64,,,,
1634,3866,francisco,francisco,122,123,,,,
1635,3866,diego,diego,40,41,,,,
1633,3862,.-gaspar del aguila,.-gaspar del aguila,0,3,,,,
1632,3861,maria madalena,maria madalena,78,80,,,,
1630,3855,diego,diego,42,43,,,,
1629,3846,ana,ana,56,57,,,,
1627,3845,juan,juan,40,41,,,,
1625,3844,francisco de paula,francisco de paula,37,40,,,,
1623,3843,lorenzo,lorenzo,339,340,,,,
1621,3843,juan,juan,114,115,,,,
1620,3842,domingo,domingo,46,47,,,,
1617,3839,catalina de sena,catalina de sena,53,56,,,,
1619,3839,domingo,domingo,48,49,,,,
1614,3831,guzman,guzman,44,45,,,,
1615,3831,domingo de guzman,domingo de guzman,42,45,,,,
1609,3826,juan,juan,75,76,,,,
1611,3826,pablo,pablo,72,73,,,,
1612,3826,pedro,pedro,70,71,,,,
1613,3826,domingo,domingo,51,52,,,,
1608,3823,francisco,francisco,38,39,,,,
1605,3818,carlos,carlos,266,267,,,,
1604,3811,geronima destrada,geronima destrada,10,12,,,,
1601,3809,juan,juan,23,24,,,,
1599,3804,andres,andres,376,377,,,,
1596,3798,sebastian,Sebastian,94,95,,,,
1595,3796,juan digan,juan digan,35,37,,,,
1594,3796,geronima de estrada,geronima de estrada,16,19,,,,
1590,3795,domingo,domingo,46,47,,,,
1589,3794,geronima destrada,geronima destrada,30,32,,,,
1586,3793,pedro,pedro,397,398,,,,
1587,3793,francisca,francisca,388,389,,,,
1582,3792,juan,juan,1396,1397,,,,
1585,3792,geronima de estrada,geronima de estrada,1193,1196,,,,
1581,3790,ju,ju,113,114,,,,
1580,3778,juan digan,juan digan,9,11,,,,
1577,3770,juan digan,juan digan,759,761,,,,
1572,3770,juan,juan,245,246,,,,
1574,3770,pablo,pablo,132,133,,,,
1575,3770,pedro,pedro,129,130,,,,
1570,3765,bautista,bautista,151,152,,,,
1568,3762,sebastian,Sebastian,161,162,,,,
1567,3757,pedro,pedro,89,90,,,,
1563,3751,gabriel,gabriel,430,431,,,,
1564,3751,pablo,pablo,400,401,,,,
1565,3751,pedro,pedro,384,385,,,,
1561,3740,lorenço desquivel,lorenço desquivel,28,30,,,,
1560,3738,lorenzo,lorenzo,131,132,,,,
1559,3722,luisa,luisa,21,22,,,,
1557,3719,ana,ana,236,237,,,,
1556,3719,maria,maria,233,234,,,,
1555,3716,hernan rruyz,hernan rruyz,25,27,,,,
1553,3705,pedro,Pedro,65,66,,,,
1551,3699,juan,Juan,38,39,,,,
1550,3697,marcos,marcos,23,24,,,,
1547,3693,sebastian,Sebastian,105,106,,,,
1549,3693,miguel,miguel,91,92,,,,
1548,3693,francisco,francisco,87,88,,,,
1546,3689,bautista,bautista,67,68,,,,
1544,3689,juan bautista,juan bautista,66,68,,,,
1545,3689,francisco,francisco,61,62,,,,
1540,3679,juan,juan,17,18,,,,
1538,3672,juan,juan,60,61,,,,
1536,3643,juan,juan,135,136,,,,
1535,3642,corral,corral,429,430,,,,
1534,3642,gonçalo çatico de molina,gonçalo çatico de molina,7,11,,,,
1532,3639,cristobal,Cristobal,127,128,,,,
1533,3639,xpoual,xpoual,45,46,,,,
1529,3638,pablo,pablo,64,65,,,,
1530,3638,pedro,pedro,58,59,,,,
1531,3638,catalina,catalina,31,32,,,,
1527,3635,maria,maria,174,175,,,,
1528,3635,espino,espino,116,117,,,,
1526,3634,bermondo rresta,bermondo rresta,52,54,,,,
1524,3632,francisco cid,francisco cid,8,10,,,,
1523,3631,bartolome,bartolome,89,90,,,,
1521,3631,juan,juan,39,40,,,,
1520,3627,ana,ana,228,229,,,,
1519,3626,ana,ana,94,95,,,,
1518,3626,pedro,pedro,87,88,,,,
1516,3624,juan,juan,116,117,,,,
1515,3624,sebastian,Sebastian,90,91,,,,
1514,3618,domingo,domingo,21,22,,,,
1512,3616,hernando de porras,hernando de porras,40,43,,,,
1510,3615,joan de morillos,joan de morillos,51,54,,,,
1506,3614,domingo,domingo,530,531,,,,
1500,3614,juan,juan,398,399,,,,
1505,3614,tomas de aquino,tomas de aquino,273,276,,,,
1504,3614,benito,benito,237,238,,,,
1507,3614,luis,luis,228,229,,,,
1508,3614,miguel,miguel,210,211,,,,
1509,3614,martin,martin,106,107,,,,
1503,3614,francisco,francisco,77,78,,,,
1502,3614,teresa,teresa,25,26,,,,
1498,3608,miguel,miguel,92,93,,,,
1497,3606,maria,maria,86,87,,,,
1495,3604,pablo,pablo,131,132,,,,
1496,3604,pedro,pedro,125,126,,,,
1494,3600,francisco,francisco,96,97,,,,
1492,3600,juan,juan,89,90,,,,
1491,3597,sebastian,Sebastian,192,193,,,,
1490,3597,cristobal,Cristobal,121,122,,,,
1488,3592,gabriel,gabriel,164,165,,,,
1487,3591,leonor,leonor,488,489,,,,
1485,3591,maria de jesus,maria de jesus,464,467,,,,
1486,3591,ana,ana,336,337,,,,
1483,3588,pedro,pedro,44,45,,,,
1482,3586,miguel,miguel,82,83,,,,
1481,3586,catalina,catalina,37,38,,,,
1480,3585,alfonso,Alfonso,29,30,,,,
1478,3580,francisco,francisco,331,332,,,,
1479,3580,espejo,espejo,276,277,,,,
1477,3579,leonor,leonor,282,283,,,,
1476,3574,ana,ana,64,65,,,,
1475,3569,juan de,juan de,41,43,,,,
1467,3568,catalina,catalina,161,162,,,,
1469,3568,francisco de paula,francisco de paula,157,160,,,,
1470,3568,ana,ana,150,151,,,,
1466,3568,maria,maria,11,12,,,,
1465,3561,juan baptista,juan baptista,48,50,,,,
1461,3555,juan,juan,50,51,,,,
1459,3554,juan,juan,90,91,,,,
1458,3553,francisco,francisco,154,155,,,,
1456,3549,herrera,herrera,39,40,,,,
1457,3549,ana,ana,21,22,,,,
1454,3546,juan,juan,179,180,,,,
1452,3542,catalina,catalina,57,58,,,,
1453,3542,lorenzo,lorenzo,49,50,,,,
1450,3542,juan,juan,43,44,,,,
1447,3537,miguel,miguel,365,366,,,,
1448,3537,hernan rruyz,hernan rruyz,31,33,,,,
1444,3534,pablo,pablo,689,690,,,,
1445,3534,pedro,pedro,686,687,,,,
1443,3526,maria,maria,71,72,,,,
1441,3522,juan,juan,51,52,,,,
1440,3520,hernan rruyz,hernan rruyz,8,10,,,,
1439,3519,alberto durero,alberto durero,938,940,,,,
1437,3510,hernan rruyz,hernan rruyz,601,603,,,,
1436,3510,piñon,piñon,561,562,,,,
1438,3510,niculas,niculas,552,553,,,,
1435,3508,hernan rruyz,hernan rruyz,54,56,,,,
1434,3506,hernan ruys,hernan Ruys,55,57,,,,
1433,3505,fernand rruiz,fernand rruiz,0,2,,,,
1430,3501,antonio,antonio,1043,1044,,,,
1431,3501,faustina,faustina,559,560,,,,
1428,3497,duque de medinacidonia,duque de medinacidonia,6,9,,,,
1426,3496,alonso despinosa,alonso despinosa,14,16,,,,
1425,3494,bautista,bautista,109,110,,,,
1424,3494,juan bautista,juan bautista,108,110,,,,
1421,3486,andres,andres,106,107,,,,
1420,3485,maria,maria,50,51,,,,
1419,3481,juan baptista,juan baptista,78,80,,,,
1414,3480,marco,marco,246,247,,,,
1415,3480,marcos,marcos,236,237,,,,
1412,3477,benito,benito,65,66,,,,
1413,3477,bautista,bautista,62,63,,,,
1411,3477,juan bautista,juan bautista,61,63,,,,
1409,3477,juan,juan,55,56,,,,
1407,3467,joseph,joseph,417,418,,,,
1406,3467,anton,anton,248,249,,,,
1404,3467,gabriel,gabriel,191,192,,,,
1405,3467,antonio,antonio,90,91,,,,
1403,3464,marcos,marcos,47,48,,,,
1402,3460,basquez,basquez,1,2,,,,
1399,3456,catalina,catalina,366,367,,,,
1400,3456,herrera,herrera,244,245,,,,
1398,3445,domingo,domingo,422,423,,,,
1397,3445,pedro,pedro,194,195,,,,
1396,3444,maria,maria,90,91,,,,
1395,3441,pedro,pedro,82,83,,,,
1394,3440,pedro,pedro,138,139,,,,
1393,3438,xpoual,xpoual,42,43,,,,
1391,3435,pablo,pablo,46,47,,,,
1386,3431,bautista vasques,bautista vasques,584,586,,,,
1389,3431,arfian,arfian,248,249,,,,
1387,3431,çamora,çamora,244,245,,,,
1385,3430,marcos,marcos,28,29,,,,
1381,3418,xpobal de las casas,xpobal de las casas,3007,3011,,,,
1382,3418,bautista,bautista,301,302,,,,
1380,3413,lopez,lopez,1,2,,,,
1379,3409,sebastian,Sebastian,54,55,,,,
1378,3407,sebastian,Sebastian,31,32,,,,
1377,3406,miguel,miguel,29,30,,,,
1373,3395,bartolome,bartolome,55,56,,,,
1372,3393,maria,maria,311,312,,,,
1370,3393,juan,juan,295,296,,,,
1369,3375,sebastian,Sebastian,379,380,,,,
1366,3370,baptista vazques,baptista vazques,633,635,,,,
1368,3370,señor prouisor,señor prouisor,139,141,,,,
1367,3370,hernan ruiz,hernan Ruiz,42,44,,,,
1364,3360,bermondo rresta,bermondo rresta,64,66,,,,
1362,3344,pedro,pedro,46,47,,,,
1361,3334,juan baptista,juan baptista,743,745,,,,
1358,3333,sebastian,Sebastian,23,24,,,,
1357,3325,pedro,pedro,16,17,,,,
1356,3320,sebastian,Sebastian,83,84,,,,
1354,3319,miguel,miguel,15,16,,,,
1352,3307,pedro,pedro,38,39,,,,
1351,3305,leonis de ayllon,leonis de ayllon,153,156,,,,
1349,3302,lorenzo,lorenzo,23,24,,,,
1348,3300,ana,ana,49,50,,,,
1347,3295,matia de la cruz,matia de la Cruz,11,15,,,,
1346,3292,luis,luis,7,8,,,,
1344,3285,benito,benito,93,94,,,,
1343,3284,bautista,bautista,1,2,,,,
1340,3283,francisco,francisco,81,82,,,,
1342,3283,diego de,diego de,73,75,,,,
1339,3282,catalina,catalina,33,34,,,,
1337,3275,vicente,Vicente,280,281,,,,
1336,3275,rroque de valduque,rroque de valduque,264,267,,,,
1335,3275,juan de,juan de,145,147,,,,
1332,3274,bautista,bautista,83,84,,,,
1331,3273,maria,maria,172,173,,,,
1329,3273,juan,juan,170,171,,,,
1327,3272,roque,Roque,355,356,,,,
1326,3272,pablo,pablo,332,333,,,,
1328,3272,pedro,pedro,327,328,,,,
1318,3271,juan,juan,586,587,,,,
1324,3271,domingo,domingo,260,261,,,,
1321,3271,catalina de sena,catalina de sena,151,154,,,,
1325,3271,ambrosio,ambrosio,119,120,,,,
1320,3271,pablo,pablo,68,69,,,,
1322,3271,pedro,pedro,65,66,,,,
1316,3267,ana,ana,159,160,,,,
1315,3264,pedro,pedro,86,87,,,,
1314,3264,pablo,pablo,83,84,,,,
1313,3263,ana,ana,28,29,,,,
1312,3259,.-gaspar del aguila,.-gaspar del aguila,0,3,,,,
1309,3257,gabriel,gabriel,284,285,,,,
1310,3257,pablo,pablo,152,153,,,,
1311,3257,pedro,pedro,146,147,,,,
1307,3244,domingo,domingo,255,256,,,,
1306,3243,miguel,miguel,49,50,,,,
1305,3242,ana,ana,20,21,,,,
1303,3240,domingo,domingo,120,121,,,,
1302,3235,domingo,domingo,131,132,,,,
1300,3235,juan,juan,82,83,,,,
1297,3234,herrera,herrera,296,297,,,,
1298,3234,dotor herrera,dotor herrera,295,297,,,,
1296,3226,ju,ju,817,818,,,,
1292,3225,juan,juan,57,58,,,,
1295,3225,marco,marco,53,54,,,,
1294,3225,miguel,miguel,32,33,,,,
1291,3220,ortega,ortega,28,29,,,,
1290,3218,figueroa,figueroa,39,40,,,,
1287,3213,juan,juan,36,37,,,,
1286,3212,geronima de çamudio,geronima de çamudio,866,869,,,,
1285,3212,juan baptista,juan baptista,415,417,,,,
1280,3211,roque,roque,319,320,,,,
1279,3211,pablo,pablo,288,289,,,,
1281,3211,pedro,pedro,284,285,,,,
1278,3198,felis romero,felis romero,19,21,,,,
1276,3197,maria,Maria,35,36,,,,
1274,3188,cano,cano,167,168,,,,
1271,3188,alonfo cano,alonfo cano,166,168,,,,
1272,3188,juan,juan,77,78,,,,
1270,3181,artos yordan,artos yordan,17,19,,,,
1269,3177,duque de medinacidonia,duque de medinacidonia,21,24,,,,
1267,3174,pablo,Pablo,138,139,,,,
1268,3174,pedro,Pedro,135,136,,,,
1264,3172,juan,juan,234,235,,,,
1263,3169,sr teniente,sr teniente,93,95,,,,
1262,3169,rufina,Rufina,15,16,,,,
1261,3165,garcia,garcia,32,33,,,,
1259,3164,domingo,domingo,111,112,,,,
1255,3163,rufina,rufina,618,619,,,,
1256,3163,juan,juan,525,526,,,,
1258,3163,ju,ju,14,15,,,,
1254,3153,maria,maria,63,64,,,,
1252,3152,ana,ana,88,89,,,,
1250,3151,montañes,montañes,578,579,,,,
1248,3151,martines montañes,martines montañes,577,579,,,,
1247,3151,rufina,rufina,69,70,,,,
1249,3151,ju,ju,36,37,,,,
1245,3146,domingo,domingo,204,205,,,,
1244,3146,ygnacio,ygnacio,23,24,,,,
1241,3143,ygnacio,ygnacio,234,235,,,,
1243,3143,miguel,miguel,150,151,,,,
1242,3143,francisco,francisco,83,84,,,,
1240,3142,antonio,Antonio,5,6,,,,
1238,3140,juan,juan,22,23,,,,
1235,3135,alfonso,Alfonso,30,31,,,,
1233,3133,francisco de,francisco de,733,735,,,,
1231,3133,ygnacio,ygnacio,683,684,,,,
1234,3133,diego,diego,563,564,,,,
1230,3133,antonio,antonio,558,559,,,,
1232,3133,francisco,francisco,552,553,,,,
1227,3129,juan,juan,23,24,,,,
1225,3125,juan de,juan de,1436,1438,,,,
1222,3121,rufina,rufina,23,24,,,,
1219,3117,juan baptista,juan baptista,1054,1056,,,,
1220,3117,francisco,francisco,225,226,,,,
1214,3115,juan,juan,441,442,,,,
1216,3115,domingo,domingo,419,420,,,,
1212,3108,miguel,miguel,59,60,,,,
1210,3105,de obiedo,de obiedo,2,4,,,,
1209,3105,ju,ju,0,1,,,,
1208,3103,ju,ju,0,1,,,,
1205,3099,martin,martin,291,292,,,,
1204,3089,bautista,bautista,91,92,,,,
1203,3089,ju,ju,60,61,,,,
1200,3084,juan,juan,168,169,,,,
1202,3084,carlos,carlos,144,145,,,,
1198,3082,pedro,pedro,475,476,,,,
1199,3082,domingo,domingo,470,471,,,,
1196,3081,juan,juan,195,196,,,,
1195,3075,maria,maria,16,17,,,,
1194,3074,maria,maria,49,50,,,,
1193,3071,maria,Maria,46,47,,,,
1192,3069,maria,maria,23,24,,,,
1189,3066,pablo,pablo,137,138,,,,
1188,3064,pedro,pedro,54,55,,,,
1187,3063,ju,ju,17,18,,,,
1185,3062,antonio,antonio,34,35,,,,
1183,3060,ju,ju,19,20,,,,
1182,3053,francisco,francisco,18,19,,,,
1180,3044,ju,ju,16,17,,,,
1176,3040,sebastian,Sebastian,571,572,,,,
1177,3040,juan,Juan,342,343,,,,
1179,3040,ju,Ju,90,91,,,,
1174,3036,montañes,montañes,59,60,,,,
1173,3036,martines montañes,martines montañes,58,60,,,,
1168,3033,catalina,catalina,2445,2446,,,,
1171,3033,bautista,Bautista,1209,1210,,,,
1167,3033,juan bautista,Juan Bautista,1208,1210,,,,
1170,3033,ju,ju,116,117,,,,
1169,3033,francisco,francisco,59,60,,,,
1164,3027,juan baptista,juan baptista,201,203,,,,
1160,3022,figueroa,figueroa,98,99,,,,
1159,3020,montañes,montañes,109,110,,,,
1157,3020,martines montañes,martines montañes,108,110,,,,
1158,3020,ju,ju,20,21,,,,
1151,3012,pablo,Pablo,405,406,,,,
1152,3012,pedro,pedro,402,403,,,,
1155,3012,montañes,montañes,73,74,,,,
1153,3012,martines montañes,martines montañes,72,74,,,,
1154,3012,ju,Ju,0,1,,,,
1148,3009,diego,diego,871,872,,,,
1145,3009,juan baptista,juan baptista,814,816,,,,
1146,3009,francisco,francisco,394,395,,,,
1147,3009,ju,ju,156,157,,,,
1140,3006,lorenzo,lorenzo,296,297,,,,
1138,3003,francisco,francisco,408,409,,,,
1137,3002,francisco,francisco,171,172,,,,
1136,3001,martin,martin,26,27,,,,
1134,3000,simon baez enrriquez,Simon baez enrriquez,17,20,,,,
1135,3000,ju,Ju,0,1,,,,
1132,2993,ju,Ju,1,2,,,,
1129,2990,juan,Juan,82,83,,,,
1128,2988,felipe,felipe,35,36,,,,
1126,2985,rufina,rufina,320,321,,,,
1124,2982,franco,franco,302,303,,,,
1123,2982,agustin franco,agustin franco,301,303,,,,
1120,2978,afenfio de maeda,afenfio de maeda,532,535,,,,
1118,2977,francisco,francisco,120,121,,,,
1119,2977,domingo,domingo,116,117,,,,
1117,2976,domingo,domingo,100,101,,,,
1114,2965,maria,maria,45,46,,,,
1113,2964,carlos,carlos,45,46,,,,
1112,2963,joseph,joseph,31,32,,,,
1110,2960,francisco,francisco,198,199,,,,
1111,2960,domingo,domingo,171,172,,,,
1109,2955,carlos,carlos,36,37,,,,
1108,2948,domingo,domingo,20,21,,,,
1104,2938,antonio,antonio,62,63,,,,
1106,2938,francisco de,francisco de,54,56,,,,
1103,2935,ana,ana,520,521,,,,
1102,2930,ana,ana,40,41,,,,
1101,2929,señor prouisor,señor prouisor,40,42,,,,
1100,2926,catalina,catalina,136,137,,,,
1099,2923,lorenzo,lorenzo,146,147,,,,
1098,2912,martin,martin,38,39,,,,
1097,2910,miguel,miguel,101,102,,,,
1095,2905,corral,corral,11,12,,,,
1088,2887,pablo,pablo,153,154,,,,
1090,2887,pedro,pedro,150,151,,,,
1091,2887,lorenzo,lorenzo,135,136,,,,
1092,2887,andres,andres,126,127,,,,
1094,2887,joseph,joseph,123,124,,,,
1093,2887,bautista,bautista,64,65,,,,
1089,2887,juan bautista,juan bautista,63,65,,,,
1085,2884,pedro,pedro,45,46,,,,
1082,2877,domingo urbin,domingo urbin,242,244,,,,
1083,2877,catalina,catalina,105,106,,,,
1080,2874,fernando,fernando,319,320,,,,
1079,2874,hernando de los rrios,hernando de los rrios,281,285,,,,
1078,2874,domingo,domingo,218,219,,,,
1074,2874,juan,juan,215,216,,,,
1076,2874,maria,maria,119,120,,,,
1077,2874,pedro,pedro,108,109,,,,
1072,2873,juan,juan,289,290,,,,
1071,2872,fernando,Fernando,288,289,,,,
1068,2869,juan,juan,153,154,,,,
1067,2861,duque de medinacidonia,duque de medinacidonia,26,29,,,,
1066,2853,corral,corral,79,80,,,,
1065,2838,maria,maria,27,28,,,,
1064,2834,joseph,joseph,43,44,,,,
1063,2834,francisco,francisco,36,37,,,,
1062,2825,francisco,francisco,85,86,,,,
1061,2824,vicente,Vicente,63,64,,,,
1060,2816,rufina,Rufina,26,27,,,,
1058,2801,felipe,Felipe,274,275,,,,
1059,2801,fernando,Fernando,255,256,,,,
1057,2799,pedro,pedro,20,21,,,,
1056,2794,marco,marco,27,28,,,,
1054,2793,ysabel,ysabel,575,576,,,,
1055,2793,corral,corral,351,352,,,,
1053,2793,maria,maria,290,291,,,,
1052,2786,bautista,bautista,45,46,,,,
1051,2786,juan bautista,juan bautista,44,46,,,,
1048,2785,bautista,bautista,27,28,,,,
1046,2782,ysabel,ysabel,193,194,,,,
1047,2782,bautista,bautista,47,48,,,,
1045,2782,juan bautista,juan bautista,46,48,,,,
1040,2762,martin,Martin,11,12,,,,
1038,2758,phelipe,phelipe,135,136,,,,
1039,2758,felipe,felipe,75,76,,,,
1037,2757,rodrigo,rodrigo,20,21,,,,
1035,2751,pimentel,pimentel,478,479,,,,
1036,2751,xacinto pimentel,xacinto pimentel,477,479,,,,
1034,2743,juan baptista,juan baptista,223,225,,,,
1031,2739,domingo de urbin,domingo de urbin,58,61,,,,
1029,2735,teresa,teresa,259,260,,,,
1027,2727,fernando,fernando,253,254,,,,
1025,2725,benito,benito,37,38,,,,
1020,2724,juan de dios,juan de dios,37,40,,,,
1019,2723,antonio,antonio,30,31,,,,
1017,2716,bautista,bautista,64,65,,,,
1016,2716,juan bautista,Juan bautista,63,65,,,,
1014,2716,juan,juan,39,40,,,,
1013,2711,marcos,marcos,67,68,,,,
1012,2710,carlos,carlos,57,58,,,,
1010,2706,pablo,pablo,167,168,,,,
1011,2706,pedro,pedro,164,165,,,,
1009,2702,contreras,contreras,15,16,,,,
1008,2696,de obiedo,de obiedo,1,3,,,,
1006,2676,juan,juan,24,25,,,,
1005,2671,roque,Roque,241,242,,,,
1004,2668,giraldo polman,giraldo polman,81,83,,,,
1002,2643,antonio,antonio,58,59,,,,
1001,2636,ana,ana,43,44,,,,
1000,2632,francisco,francisco,71,72,,,,
998,2617,miguel,miguel,334,335,,,,
996,2617,juan,juan,243,244,,,,
999,2617,andres,andres,13,14,,,,
995,2612,pimentel,pimentel,174,175,,,,
993,2603,rufina,Rufina,84,85,,,,
992,2600,ortega,ortega,28,29,,,,
991,2595,bautista,bautista,44,45,,,,
990,2595,juan bautista,juan bautista,43,45,,,,
985,2556,ana giron,ana giron,556,558,,,,
983,2556,señor prouisor,señor prouisor,311,313,,,,
984,2556,ana,ana,231,232,,,,
981,2547,rufina,rufina,13,14,,,,
982,2547,justa rufina,justa rufina,12,14,,,,
979,2542,josefe,josefe,138,139,,,,
978,2536,catalina,catalina,107,108,,,,
975,2529,pablo,pablo,311,312,,,,
976,2529,pedro,pedro,307,308,,,,
974,2527,legot,legot,1,2,,,,
972,2518,antonio,antonio,34,35,,,,
970,2505,ana,ana,79,80,,,,
966,2499,juan,juan,148,149,,,,
964,2496,pablo,pablo,246,247,,,,
965,2496,pedro,pedro,241,242,,,,
962,2495,francisco,francisco,101,102,,,,
960,2495,sebastian,Sebastian,99,100,,,,
961,2495,roque,roque,96,97,,,,
963,2495,diego,diego,83,84,,,,
957,2471,josephe suero,josephe suero,13,15,,,,
955,2462,joseph,joseph,110,111,,,,
954,2462,isidro,Isidro,70,71,,,,
952,2454,marques de tarifa,marques de tarifa,29,32,,,,
951,2444,figueroa,figueroa,2,3,,,,
949,2437,cristobal ortiz,Cristobal ortiz,64,66,,,,
946,2432,juan,juan,80,81,,,,
945,2429,tomasa,tomasa,40,41,,,,
944,2427,marcos,marcos,21,22,,,,
943,2423,marcos,marcos,177,178,,,,
942,2423,marco,marco,153,154,,,,
940,2411,miguel,miguel,868,869,,,,
936,2411,maria,maria,307,308,,,,
941,2411,fernando,fernando,163,164,,,,
938,2411,pedro,pedro,55,56,,,,
937,2411,domingo de san pedro,domingo de san pedro,52,56,,,,
935,2410,luisa,luisa,11,12,,,,
934,2404,maria,maria,32,33,,,,
931,2363,theresa,theresa,759,760,,,,
930,2363,pablo,Pablo,120,121,,,,
929,2361,montañes,montañes,85,86,,,,
928,2361,martines montañes,martines montañes,84,86,,,,
927,2356,bautista,bautista,5,6,,,,
926,2354,montañes,montañes,332,333,,,,
925,2354,martines montañes,martines montañes,331,333,,,,
924,2346,andrea,andrea,488,489,,,,
923,2346,angela,angela,486,487,,,,
922,2346,sebastian,Sebastian,410,411,,,,
921,2345,maria,maria,17,18,,,,
919,2339,bautista,Bautista,40,41,,,,
918,2339,juan bautista,Juan Bautista,39,41,,,,
914,2334,diaz,Diaz,187,188,,,,
915,2334,cano,Cano,42,43,,,,
911,2333,marco,marco,281,282,,,,
912,2333,marcos,marcos,271,272,,,,
910,2333,alonsso de coca,Alonsso de Coca,50,53,,,,
908,2332,bautista,bautista,102,103,,,,
907,2332,juan bautista,Juan bautista,101,103,,,,
903,2329,diaz,Diaz,226,227,,,,
901,2326,geronima de çamudio,Geronima de çamudio,24,27,,,,
898,2324,bautista,bautista,109,110,,,,
897,2324,juan bautista,Juan bautista,108,110,,,,
892,2320,marco,marco,258,259,,,,
891,2319,felipe,Felipe,3,4,,,,
890,2317,joseph,Joseph,14,15,,,,
889,2314,montañes,montañes,30,31,,,,
888,2312,cano,cano,1059,1060,,,,
887,2312,señor prouisor,señor prouisor,48,50,,,,
886,2311,bautista,bautista,284,285,,,,
884,2311,juan,Juan,208,209,,,,
883,2308,jeronimo de lara,Jeronimo de Lara,434,437,,,,
879,2307,pacheco,Pacheco,902,903,,,,
880,2307,andres,Andres,567,568,,,,
881,2307,joseph,Joseph,544,545,,,,
878,2304,marco,marco,36,37,,,,
877,2294,francisco,Francisco,33,34,,,,
876,2280,gabriel,gabriel,21,22,,,,
872,2265,s. m.,S. M.,73,75,,,,
873,2265,felipe,Felipe,59,60,,,,
869,2262,felipe,Felipe,600,601,,,,
867,2254,felipe,Felipe,1517,1518,,,,
866,2251,costa,Costa,32,33,,,,
862,2241,francisco,Francisco,239,240,,,,
863,2241,marco,marco,199,200,,,,
860,2239,franco,franco,98,99,,,,
858,2237,juo cauello,juo cauello,13,15,,,,
857,2234,juo,Juo,138,139,,,,
856,2229,pero herrandes,pero herrandes,7,9,,,,
855,2218,juo,Juo,308,309,,,,
854,2216,pedro,Pedro,17,18,,,,
853,2213,cano,cano,26,27,,,,
852,2211,juo,Juo,31,32,,,,
851,2207,maria,maria,99,100,,,,
848,2203,yñigo de ayala,yñigo de ayala,901,904,,,,
847,2192,felipe,felipe,13,14,,,,
844,2185,señor prouisor,señor prouisor,462,464,,,,
843,2185,maria,maria,233,234,,,,
842,2184,maldonado,maldonado,134,135,,,,
841,2161,nufrio,nufrio,6,7,,,,
838,2149,andres,andres,540,541,,,,
839,2149,ana,ana,492,493,,,,
834,2149,juan,juan,461,462,,,,
837,2149,garcia,garcia,369,370,,,,
836,2149,francisco,francisco,367,368,,,,
833,2147,maria,maria,8,9,,,,
832,2146,pedro,pedro,5,6,,,,
830,2138,maria,maria,455,456,,,,
831,2138,corral,corral,33,34,,,,
829,2137,corral,corral,13,14,,,,
828,2135,señor prouisor,señor prouisor,132,134,,,,
826,2134,fernandez,fernandez,80,81,,,,
827,2134,señor prouisor,señor prouisor,67,69,,,,
825,2133,alexos fernandes,alexos fernandes,28,30,,,,
824,2131,señor prouisor,señor prouisor,14,16,,,,
823,2129,alexos fernandes,alexos fernandes,681,683,,,,
822,2129,domingo,domingo,676,677,,,,
821,2128,alexos fernandes,alexos fernandes,596,598,,,,
820,2128,domingo,domingo,590,591,,,,
819,2122,miguel,miguel,31,32,,,,
818,2111,vargas,Vargas,95,96,,,,
816,2098,miguel,miguel,8,9,,,,
815,2080,obispo de escalas,obispo de escalas,21,24,,,,
814,2071,corral,corral,24,25,,,,
813,2058,miguell,miguell,3,4,,,,
812,2056,niculas,niculas,2,3,,,,
811,2035,marco,marco,9,10,,,,
810,2032,marco,marco,3,4,,,,
809,1987,fernando,fernando,14,15,,,,
808,1973,marco,marco,2,3,,,,
807,1971,dancart,dancart,2,3,,,,
806,1970,dancart,dancart,2,3,,,,
805,1968,dancart,dancart,29,30,,,,
803,1967,dancart,dancart,34,35,,,,
802,1963,marcos,marcos,57,58,,,,
800,1958,martin,martin,112,113,,,,
801,1958,bautista,bautista,72,73,,,,
795,1950,marcos,marcos,124,125,,,,
793,1943,diego,diego,515,516,,,,
792,1943,catalina,catalina,166,167,,,,
790,1941,baltazar quintero,baltazar quintero,493,495,,,,
789,1937,martin,Martin,9,10,,,,
786,1935,pablo,pablo,148,149,,,,
784,1934,carlos atabante,carlos atabante,164,166,,,,
783,1933,domingo,domingo,287,288,,,,
782,1933,pablo,pablo,282,283,,,,
776,1932,bernardino,bernardino,119,120,,,,
779,1932,antonio,Antonio,116,117,,,,
780,1932,francisco,Francisco,111,112,,,,
777,1932,sebastian,Sebastian,109,110,,,,
778,1932,roque,Roque,106,107,,,,
781,1932,diego,diego,93,94,,,,
773,1926,phelipe,phelipe,35,36,,,,
770,1918,bernardo,bernardo,58,59,,,,
768,1912,marco,marco,173,174,,,,
766,1911,bautista,bautista,43,44,,,,
765,1909,maria,maria,287,288,,,,
764,1906,sebastian,Sebastian,50,51,,,,
761,1888,marcos,marcos,34,35,,,,
760,1883,francisco de,francisco de,53,55,,,,
755,1880,bautista,Bautista,237,238,,,,
752,1880,juan bautista,Juan Bautista,236,238,,,,
753,1880,francisco,Francisco,215,216,,,,
756,1880,diego de,Diego de,136,138,,,,
748,1875,niculas,niculas,535,536,,,,
747,1868,diego de,diego de,47,49,,,,
743,1867,pablo,pablo,269,270,,,,
744,1867,pedro,pedro,267,268,,,,
745,1867,ana,ana,93,94,,,,
742,1866,domingo,domingo,278,279,,,,
741,1866,antonio,antonio,54,55,,,,
738,1861,niculas,niculas,66,67,,,,
735,1854,maria,maria,225,226,,,,
730,1853,juan,juan,278,279,,,,
733,1853,francisco de,francisco de,94,96,,,,
732,1853,francisco,francisco,37,38,,,,
727,1849,felipe,felipe,102,103,,,,
724,1848,maria,maria,119,120,,,,
726,1848,bautista,bautista,80,81,,,,
725,1848,juan bautista,Juan bautista,79,81,,,,
720,1845,clemente de la calcada,clemente de la calcada,830,834,,,,
719,1841,bartolome pinto,bartolome pinto,238,240,,,,
716,1836,bartolome,bartolome,28,29,,,,
713,1834,juan,juan,117,118,,,,
711,1833,bautista,bautista,85,86,,,,
710,1833,juan bautista,juan bautista,84,86,,,,
703,1830,juan de dios,Juan de dios,45,48,,,,
700,1829,rufina,rufina,57,58,,,,
701,1829,juan,Juan,49,50,,,,
699,1828,bernardo,bernardo,696,697,,,,
697,1828,maria,maria,690,691,,,,
698,1828,juan baptista,Juan baptista,65,67,,,,
688,1822,domingo de lazaro,Domingo de lazaro,187,190,,,,
685,1816,martin,martin,895,896,,,,
684,1815,carlos,carlos,78,79,,,,
682,1806,juan,Juan,76,77,,,,
676,1805,juan,Juan,560,561,,,,
680,1805,rufina de,rufina de,65,67,,,,
679,1805,mariana fagardo,mariana fagardo,52,54,,,,
674,1804,benito,Benito,62,63,,,,
672,1797,alonso esijano,Alonso esijano,30,32,,,,
669,1791,pedro,Pedro,61,62,,,,
667,1788,joseph,Joseph,42,43,,,,
666,1786,bernardo,Bernardo,125,126,,,,
665,1773,josefe,Josefe,62,63,,,,
664,1769,juan baptista,Juan baptista,134,136,,,,
660,1768,ana,ana,101,102,,,,
656,1766,juan,Juan,380,381,,,,
658,1766,barreda,barreda,136,137,,,,
653,1764,savastian,savastian,262,263,,,,
652,1764,francisco de,francisco de,85,87,,,,
649,1763,roque,roque,141,142,,,,
647,1757,domingo,domingo,197,198,,,,
646,1757,alfonso,alfonso,161,162,,,,
644,1755,pedro criste,pedro criste,614,616,,,,
641,1747,joseph,Joseph,120,121,,,,
636,1740,ana,ana,896,897,,,,
635,1740,domingo,domingo,747,748,,,,
628,1736,juan de dios,Juan de dios,99,102,,,,
632,1736,andres,andres,71,72,,,,
616,1714,juan,juan,123,124,,,,
615,1711,albornos,albornos,66,67,,,,
614,1704,lorenzo,lorenzo,37,38,,,,
612,1703,juan,juan,97,98,,,,
611,1702,antonio,antonio,83,84,,,,
610,1699,pedro,pedro,365,366,,,,
609,1698,francisco de,francisco de,986,988,,,,
606,1698,antonio,antonio,875,876,,,,
604,1698,juan,Juan,795,796,,,,
608,1698,domingo,domingo,300,301,,,,
603,1698,josephe de arze,josephe de arze,15,18,,,,
601,1696,pablo,pablo,141,142,,,,
602,1696,francisco,Francisco,57,58,,,,
599,1695,joan,joan,1872,1873,,,,
598,1695,miguel,miguel,224,225,,,,
597,1695,señor prouisor,señor prouisor,192,194,,,,
595,1692,bartolome,bartolome,185,186,,,,
593,1692,pedro,pedro,171,172,,,,
594,1692,antonio,antonio,145,146,,,,
592,1685,miguel,Miguel,9,10,,,,
591,1684,señor prouisor,señor prouisor,151,153,,,,
590,1683,pedro,pedro,66,67,,,,
587,1680,ana,ana,55,56,,,,
586,1679,catalina,catalina,91,92,,,,
585,1677,antonio,antonio,42,43,,,,
583,1676,bautista,bautista,56,57,,,,
582,1676,juan bautista,juan bautista,55,57,,,,
579,1674,teresa,teresa,47,48,,,,
577,1672,maria,maria,976,977,,,,
575,1672,juan,juan,974,975,,,,
574,1667,francisco,francisco,63,64,,,,
572,1665,niculas,niculas,47,48,,,,
569,1664,francisco,francisco,455,456,,,,
570,1664,andres,andres,415,416,,,,
568,1664,pedro,pedro,412,413,,,,
567,1664,juan de,juan de,288,290,,,,
562,1663,francisco de paula,francisco de paula,53,56,,,,
560,1656,teresa,Teresa,23,24,,,,
558,1651,marco,marco,335,336,,,,
555,1648,juan baptista,juan baptista,382,384,,,,
551,1635,maria,maria,131,132,,,,
550,1619,francisca,Francisca,14,15,,,,
549,1601,beatriz,beatriz,70,71,,,,
547,1547,fernandez,fernandez,47,48,,,,
545,1530,niculas,niculas,258,259,,,,
544,1527,francisco,francisco,192,193,,,,
542,1523,pedro,pedro,414,415,,,,
539,1523,juan,juan,406,407,,,,
541,1523,maria,maria,86,87,,,,
538,1521,bautista,bautista,154,155,,,,
536,1521,juan bautista,juan bautista,153,155,,,,
534,1521,juan,juan,148,149,,,,
537,1521,miguel,miguel,144,145,,,,
532,1516,marcos,marcos,77,78,,,,
530,1515,pedro,pedro,82,83,,,,
527,1513,josefe,josefe,178,179,,,,
526,1513,francisco,francisco,173,174,,,,
528,1513,maria madalena,maria madalena,147,149,,,,
524,1506,señor prouisor,señor prouisor,20,22,,,,
523,1500,pedro,pedro,386,387,,,,
521,1497,marco,marco,956,957,,,,
520,1497,teresa,Teresa,637,638,,,,
519,1495,tomas de aquino,tomas de aquino,212,215,,,,
518,1495,francisco,francisco,138,139,,,,
517,1492,cano,cano,1006,1007,,,,
514,1492,francisco,francisco,603,604,,,,
516,1492,bautista,bautista,182,183,,,,
513,1492,juan bautista,juan bautista,181,183,,,,
515,1492,ysabel,ysabel,171,172,,,,
499,1488,juan,juan,412,413,,,,
502,1488,catalina de sena,catalina de sena,393,396,,,,
508,1488,andres,andres,386,387,,,,
503,1488,pedro,pedro,383,384,,,,
505,1488,tomas de aquino,tomas de aquino,367,370,,,,
507,1488,domingo,domingo,364,365,,,,
504,1488,catalina,catalina,348,349,,,,
506,1488,maria madalena,maria madalena,344,346,,,,
495,1486,bautista,bautista,805,806,,,,
494,1486,joan bautista,joan bautista,804,806,,,,
496,1486,francisca,francisca,750,751,,,,
491,1486,pedro,pedro,732,733,,,,
492,1486,hartolome de la puerta,hartolome de la puerta,185,189,,,,
490,1479,antonio,antonio,63,64,,,,
489,1477,diego de,diego de,62,64,,,,
487,1474,pedro,pedro,132,133,,,,
485,1473,miguel,miguel,145,146,,,,
486,1473,bautista,bautista,115,116,,,,
484,1473,juan bautista,juan bautista,114,116,,,,
480,1466,bernabe de baeza,bernabe de baeza,877,880,,,,
481,1466,miguell,miguell,695,696,,,,
477,1456,juan,juan,73,74,,,,
473,1445,joseph,joseph,65,66,,,,
472,1444,señor prouisor,señor prouisor,58,60,,,,
471,1442,domingo,domingo,124,125,,,,
469,1440,pablo,pablo,143,144,,,,
470,1440,pedro,pedro,140,141,,,,
468,1439,martin,martin,763,764,,,,
465,1438,fernando,fernando,1664,1665,,,,
461,1438,catalina,catalina,1635,1636,,,,
457,1438,isabel,Isabel,1600,1601,,,,
464,1438,ana,ana,1568,1569,,,,
458,1438,maria,maria,1535,1536,,,,
462,1438,alfonso,alfonso,1462,1463,,,,
463,1438,luis,luis,1232,1233,,,,
459,1438,phelipe,phelipe,1116,1117,,,,
460,1438,carlos,carlos,932,933,,,,
466,1438,margarita,Margarita,11,12,,,,
456,1437,margarita,margarita,68,69,,,,
455,1431,isabel,Isabel,845,846,,,,
454,1430,ana,ana,30,31,,,,
453,1429,bautista,bautista,106,107,,,,
452,1429,juan bautista,juan bautista,105,107,,,,
446,1425,ines,ines,523,524,,,,
447,1425,pedro,pedro,518,519,,,,
445,1425,juan batista,juan batista,105,107,,,,
444,1425,maria,maria,76,77,,,,
441,1423,marcos,marcos,244,245,,,,
440,1422,diego de,diego de,107,109,,,,
436,1414,ana,ana,42,43,,,,
433,1406,maria,maria,214,215,,,,
434,1406,teresa,teresa,86,87,,,,
432,1405,bautista,bautista,65,66,,,,
431,1405,juan bautista,juan bautista,64,66,,,,
427,1400,phelipe de ribas,phelipe de ribas,7,10,,,,
425,1397,antonio,antonio,84,85,,,,
423,1393,pablo,pablo,337,338,,,,
424,1393,pedro,pedro,39,40,,,,
421,1390,maria,maria,12,13,,,,
417,1385,juan,juan,424,425,,,,
420,1385,fernando,fernando,340,341,,,,
419,1385,bernardo,bernardo,215,216,,,,
416,1384,joseph,joseph,94,95,,,,
411,1373,pablo,pablo,494,495,,,,
412,1373,pedro,pedro,489,490,,,,
413,1373,señor prouisor,señor prouisor,194,196,,,,
410,1369,domingo,domingo,65,66,,,,
408,1367,señor prouisor,señor prouisor,99,101,,,,
404,1366,pablo,pablo,282,283,,,,
405,1366,pedro,pedro,279,280,,,,
406,1366,señor prouisor,señor prouisor,263,265,,,,
403,1359,marco,marco,124,125,,,,
402,1357,maria,maria,30,31,,,,
401,1356,señor prouisor,señor prouisor,140,142,,,,
399,1355,montañes,montañes,2254,2255,,,,
394,1355,maria,Maria,1320,1321,,,,
393,1355,bernardino,bernardino,886,887,,,,
398,1355,diego,diego,746,747,,,,
395,1355,antonio,antonio,743,744,,,,
397,1355,luis,luis,549,550,,,,
396,1355,francisco,francisco,157,158,,,,
392,1352,joseph,joseph,45,46,,,,
389,1347,pablo,pablo,129,130,,,,
390,1347,pedro,pedro,120,121,,,,
388,1346,sebastian,Sebastian,101,102,,,,
387,1344,domingo,domingo,157,158,,,,
382,1340,juan,juan,113,114,,,,
384,1340,miguel,miguel,7,8,,,,
379,1335,pablo,Pablo,39,40,,,,
380,1335,pedro,Pedro,36,37,,,,
378,1334,pedro,Pedro,49,50,,,,
375,1332,antonio,antonio,661,662,,,,
374,1332,sebastian,Sebastian,655,656,,,,
376,1332,señor prouisor,señor prouisor,98,100,,,,
369,1319,juan,juan,677,678,,,,
367,1303,lorenzo,lorenzo,599,600,,,,
365,1296,pablo,pablo,509,510,,,,
366,1296,pedro,pedro,503,504,,,,
361,1294,juan,juan,625,626,,,,
363,1294,frutos de villacastin,frutos de villacastin,138,141,,,,
358,1237,francisco,francisco,39,40,,,,
357,1234,maria,maria,253,254,,,,
356,1232,ana,ana,50,51,,,,
354,1229,luys de peña,luys de peña,892,895,,,,
352,1228,catalina,catalina,110,111,,,,
353,1228,lorenzo,lorenzo,93,94,,,,
351,1227,de obiedo,de obiedo,621,623,,,,
350,1227,felis de obiedo,felis de obiedo,620,623,,,,
349,1225,diaz,diaz,178,179,,,,
348,1218,martin,martin,424,425,,,,
345,1216,maria,maria,1659,1660,,,,
346,1216,marco,marco,1056,1057,,,,
343,1212,diaz,diaz,1622,1623,,,,
342,1212,geronima,geronima,172,173,,,,
337,1206,felipe,felipe,2783,2784,,,,
339,1206,francisca,francisca,2277,2278,,,,
336,1206,luis,luis,2261,2262,,,,
331,1206,pablo,pablo,1846,1847,,,,
333,1206,pedro,pedro,1739,1740,,,,
332,1206,juan de,juan de,1675,1677,,,,
340,1206,joseph,joseph,1662,1663,,,,
335,1206,francisco,francisco,1541,1542,,,,
334,1206,catalina,catalina,1532,1533,,,,
338,1206,espejo,espejo,515,516,,,,
329,1206,juan,juan,499,500,,,,
327,1201,vargas,Vargas,841,842,,,,
328,1201,rubricado)-francisco de vargas,rubricado)-Francisco de Vargas,839,842,,,,
326,1200,rubricado)-francisco del carpio,rubricado)-francisco del carpio,2816,2819,,,,
325,1200,francisco,francisco,243,244,,,,
323,1199,diaz,diaz,1990,1991,,,,
321,1197,juan,Juan,47,48,,,,
317,1192,juan,juan,5996,5997,,,,
319,1192,espejo,espejo,390,391,,,,
315,1180,marcos,marcos,48,49,,,,
314,1175,marcos,marcos,28,29,,,,
312,1138,francisco,Francisco,11,12,,,,
311,1126,domingo,domingo,84,85,,,,
310,1121,legott,Legott,35,36,,,,
308,1105,ysabel,ysabel,25,26,,,,
307,1100,franco,franco,1,2,,,,
306,1096,antonio,Antonio,43,44,,,,
303,1093,juan bauptista,juan bauptista,190,192,,,,
299,1084,diego,diego,48,49,,,,
298,1084,francisco,francisco,22,23,,,,
295,1072,señor prouisor,señor prouisor,26,28,,,,
293,1066,pacheco,pacheco,1189,1190,,,,
292,1066,placido pacheco,placido pacheco,1188,1190,,,,
287,1053,juan de dios,juan de dios,34,37,,,,
285,1049,domingo,Domingo,16,17,,,,
283,1038,medina,medina,138,139,,,,
280,1035,francisco de,Francisco de,67,69,,,,
277,1032,anton,anton,337,338,,,,
276,1032,phelipe,phelipe,112,113,,,,
272,1027,baltasar de riuera,baltasar de riuera,2,5,,,,
269,1022,grabiel del balle,grabiel del balle,383,386,,,,
264,1014,grabiel del valle,grabiel del valle,3212,3215,,,,
260,1014,martin robles,Martin Robles,3119,3121,,,,
265,1014,fernando martin robles,Fernando Martin Robles,3118,3121,,,,
259,1012,grauiel del valle,grauiel del valle,38,41,,,,
257,1009,domingo,domingo,297,298,,,,
255,1009,pedro,pedro,234,235,,,,
256,1009,francisco,francisco,112,113,,,,
258,1009,bautista,bautista,86,87,,,,
254,1009,juan bautista,juan bautista,85,87,,,,
251,1007,juan batista,juan batista,147,149,,,,
248,1006,bautista,bautista,188,189,,,,
247,998,maria,maria,73,74,,,,
244,978,pablo,pablo,83,84,,,,
242,975,corral,corral,1074,1075,,,,
241,975,hernan ruyz,hernan ruyz,179,181,,,,
240,969,pedro,pedro,549,550,,,,
239,969,hernan ruys,hernan ruys,100,102,,,,
237,953,francisco,francisco,242,243,,,,
235,952,rodrigo,rodrigo,103,104,,,,
233,949,hernan ruyz,hernan ruyz,620,622,,,,
231,933,pedro,pedro,175,176,,,,
229,933,juan,juan,134,135,,,,
226,932,vasco perea,vasco perea,490,492,,,,
228,932, vasco perea, vasco perea,489,492,,,,
227,932,bartolome,bartolome,232,233,,,,
225,932,pedro,pedro,225,226,,,,
223,932,juan,juan,220,221,,,,
222,928,bartolome,bartolome,55,56,,,,
221,923,señor prouisor,señor prouisor,23,25,,,,
217,921,rufina,rufina,287,288,,,,
219,921,benito,benito,231,232,,,,
218,921,nufro,nufro,221,222,,,,
220,921,andres,andres,201,202,,,,
214,920,sebastian,Sebastian,403,404,,,,
215,920,anton,anton,401,402,,,,
212,918,francisco,francisco,345,346,,,,
211,916,marques de tarifa,marques de tarifa,2,5,,,,
210,906,juan de,juan de,699,701,,,,
206,903,señor prouisor,señor prouisor,133,135,,,,
204,900,rodriguez,Rodriguez,166,167,,,,
203,900,alfian,Alfian,163,164,,,,
202,898,pedro,pedro,188,189,,,,
200,896,pedro,pedro,66,67,,,,
199,893,marques de tarifa,marques de tarifa,26,29,,,,
198,892,marcos,marcos,720,721,,,,
193,870,juan,juan,311,312,,,,
195,870,marco caña,marco caña,78,80,,,,
192,798,favian de umanes,favian de umanes,25,28,,,,
187,783,domingo,domingo,99,100,,,,
186,773,catalina,catalina,206,207,,,,
184,772,antonio,antonio,1011,1012,,,,
181,772,sebastian,Sebastian,1005,1006,,,,
182,772,pablo,pablo,881,882,,,,
183,772,pedro,pedro,875,876,,,,
178,735,domingo,domingo,58,59,,,,
175,726,juan,Juan,86,87,,,,
174,714,juan baptista,Juan baptista,157,159,,,,
171,705,bautista,bautista,113,114,,,,
170,705,juan bautista,Juan bautista,112,114,,,,
164,678,isabel,isabel,433,434,,,,
165,678,pedro,Pedro,389,390,,,,
162,673,pablo,pablo,995,996,,,,
161,660,juan baptista,juan baptista,52,54,,,,
156,592,domingo,domingo,46,47,,,,
154,590,juan,Juan,13,14,,,,
151,423,rodriguez,Rodriguez,7,8,,,,
150,419,cristobal,Cristobal,19,20,,,,
149,384,bautista,Bautista,354,355,,,,
147,384,juan bautista,Juan Bautista,353,355,,,,
148,384,antonio,antonio,296,297,,,,
142,383,juan,Juan,664,665,,,,
141,373,lorenzo,Lorenzo,5,6,,,,
140,366,joseph,Joseph,284,285,,,,
138,365,domingo,Domingo,180,181,,,,
137,365,francisco,Francisco,178,179,,,,
139,365,miguel,Miguel,149,150,,,,
136,365,gabriel,Gabriel,137,138,,,,
135,362,francisco,francisco,54,55,,,,
134,360,juan de la palma,Juan de la Palma,14,18,,,,
128,359,bautista,Bautista,246,247,,,,
127,359,juan de la palma,Juan de la Palma,182,186,,,,
122,348,francisco,francisco,32,33,,,,
121,347,francisco,Francisco,31,32,,,,
118,335,phelipe del castillo,phelipe del castillo,128,131,,,,
112,328,miguel,miguel,129,130,,,,
113,328,fernando,fernando,83,84,,,,
110,326,antonio,antonio,166,167,,,,
109,326,bernardo,Bernardo,99,100,,,,
107,325,pablo,pablo,173,174,,,,
108,325,joseph,Joseph,170,171,,,,
103,313,ana,ana,189,190,,,,
102,313,vicente,vicente,147,148,,,,
101,313,antonio,antonio,138,139,,,,
100,313,diego de alcala,Diego de Alcala,116,119,,,,
106,313,joseph,Joseph,112,113,,,,
97,310,marco,marco,108,109,,,,
95,310,teresa,teresa,98,99,,,,
94,310,antonio,antonio,96,97,,,,
96,310,andres,andres,79,80,,,,
98,310,joseph,joseph,77,78,,,,
93,305,xpoual,xpoual,109,110,,,,
90,304,juan de,Juan de,131,133,,,,
92,304,bautista,Bautista,62,63,,,,
91,304,juan bautista,Juan Bautista,61,63,,,,
86,303,miguel,miguel,107,108,,,,
87,303,francisco de,Francisco de,66,68,,,,
84,303,antonio,antonio,41,42,,,,
82,302,diego,Diego,261,262,,,,
81,302,miguel,miguel,254,255,,,,
80,302,antonio,antonio,60,61,,,,
78,300,señor prouisor,señor prouisor,52,54,,,,
77,299,ana,ana,77,78,,,,
76,294,señor prouisor,señor prouisor,142,144,,,,
74,289,rufina,rufina,84,85,,,,
72,288,marco,marco,148,149,,,,
71,287,joseph,Joseph,167,168,,,,
69,287,francisco,Francisco,97,98,,,,
68,287,antonio,antonio,22,23,,,,
70,287,lorenzo,lorenzo,15,16,,,,
67,286,lorenzo,lorenzo,18,19,,,,
64,278,phelipe,Phelipe,32,33,,,,
60,272,bernardino,Bernardino,422,423,,,,
57,266,theresa,theresa,126,127,,,,
58,266,joseph,Joseph,99,100,,,,
55,254,pedro,pedro,88,89,,,,
53,250,antonio,antonio,43,44,,,,
51,244,joseph,Joseph,207,208,,,,
50,244,ana,ana,184,185,,,,
48,242,juan baptista,Juan Baptista,193,195,,,,
43,234,josepha,josepha,21,22,,,,
44,234,theresa,theresa,20,21,,,,
42,231,bernardo,Bernardo,39,40,,,,
40,230,joseph,Joseph,216,217,,,,
38,221,graviel,graviel,236,237,,,,
36,218,juan,juan,132,133,,,,
33,194,pablo,pablo,311,312,,,,
32,185,ana,ana,35,36,,,,
28,153,francisco,francisco,300,301,,,,
29,153,domingo,domingo,296,297,,,,
26,153,juan,juan,243,244,,,,
24,138,corral,corral,11,12,,,,
23,137,corral,corral,14,15,,,,
20,116,corral,corral,38,39,,,,
18,101,roque,roque,261,262,,,,
17,101,ortega,ortega,150,151,,,,
16,100,juan de,juan de,86,88,,,,
15,100,maria,maria,82,83,,,,
12,95,ana,ana,55,56,,,,
11,93,roque,roque,48,49,,,,
7,85,señor prouisor,señor prouisor,23,25,,,,
9,85,juan de la palma,juan de la palma,11,15,,,,
